Workbook

Sheet Detail1
A1: Details for Sum of Ticket Total Tons
A3: Territory | B3: Project Name | C3: Project Number | D3: Work Phase | E3: Type Of Building | F3: Udf_ProjectSquareFootage | G3: Vendor | H3: Vendor Contact | I3: Facility | J3: Facility Address | K3: Container Number | L3: Haul Date | M3: Month + Year | N3: Ticket Number | O3: Ticket Image | P3: Type | Q3: Ticket Total Tons | R3: GM Diversion % | S3: GM Reused % | T3: GM Recycled % | U3: GM Disposed % | V3: GM Reused Tons | W3: GM Recycled Tons | X3: GM Disposed Tons | Y3: GM Total Tons | Z3: Alternate Daily Cover (ADC) | AA3: Asphalt - Pavement & Grinding | AB3: Cardboard & Paper Products | AC3: Concrete | AD3: Deconstructed & Reuse Items | AE3: Drywall - Demo & painted | AF3: Metal | AG3: Mixed Recyclables | AH3: Plastics & Plastic Packaging Materials | AI3: Waste (Trash) | AJ3: Appliances & Equipment | AK3: Aritificial Grass/Synthetic Turf | AL3: Asphalt - Roofing | AM3: Bricks, Masonry & Stone Products | AN3: Carpet & Padding | AO3: Ceiling Tiles | AP3: Compost | AQ3: Compostable Food Waste | AR3: Donated Food | AS3: Drywall - Clean/Unpainted | AT3: EPS Styrofoam | AU3: eWaste | AV3: Glass Bottles & Containers | AW3: Glass Plate or Tempered | AX3: High-Density Polyethylene (HDPE) | AY3: Miscellaneous Debris | AZ3: Mixed Food Waste | BA3: Paint | BB3: Paint - oil based | BC3: Porcelain | BD3: Trash Sorted for Recovery | BE3: Wood - Clean | BF3: Wood - Painted/Stained Recoverable | BG3: Wood - Pallets | BH3: EW Diversion % | BI3: EW Reused % | BJ3: EW Recycled % | BK3: EW Disposed % | BL3: EW Reused Tons | BM3: EW Recycled Tons | BN3: EW Disposed Tons | BO3: EW Total Tons | BP3: Dirt/Soil-Clean Fill* | BQ3: Green Waste* | BR3: Rock, Sand, Gravel & other inerts* | BS3: Haz Diversion % | BT3: Haz Reused % | BU3: Haz Recycled % | BV3: Haz Disposed % | BW3: Haz Reused Tons | BX3: Haz Recycled Tons | BY3: Haz Disposed Tons | BZ3: Haz Total Tons | CA3: Batteries* | CB3: Dirt/Soil-Contaminated Non-Hazardous* | CC3: Dirt/Soil-Contaminated, Hazardous* | CD3: Dirt/Soil-Hazardous* | CE3: Fluorescent Bulbs* | CF3: Materials Containing Asbestos* | CG3: Materials with Lead-Based Paint* | CH3: Other Hazardous Waste & Materials* | CI3: PCBs - Polychlorinated Biphenyls* | CJ3: Thermostats & Mercury - Containing Equipment* | CK3: Universal Waste - Other* | CL3: Wood - Treated/Hazardous* | CM3: Hauler Comment | CN3: Submitted By | CO3: Submitted Title | CP3: Submitted Date | CQ3: Verified by | CR3: Verified Date | CS3: Review Comment
A4: Oakland/San Francisco/San Jose | B4: UCB Gateway | C4: 210784 | E4: Higher Education | Laboratory / Research | 005 | 004 | F4: 368 | G4: Silverado Contractors | H4: Samantha Chen | I4: Argent Materials, Inc | J4: 8300 Baldwin St, Oakland, CA 94621 | L4: 11/11/2022 | M4: 44866 | N4: 7140424 | O4: Click Here To View | P4: Demolition | Q4: 13.53 | R4: 100.00% | S4: 0.00% | T4: 100.00% | U4: 0.00% | W4: 13.53 | Y4: 13.53 | AC4: 13.53 | BH4: 0.00% | BI4: 0.00% | BJ4: 0.00% | BK4: 0.00% | BS4: 0.00% | BT4: 0.00% | BU4: 0.00% | BV4: 0.00% | CN4: Katherine Ibarra | CP4: 08/01/2023 | CQ4: Katherine Ibarra
A5: Oakland/San Francisco/San Jose | B5: UCB Gateway | C5: 210784 | E5: Higher Education | Laboratory / Research | 005 | 004 | F5: 368 | G5: Silverado Contractors | H5: Samantha Chen | I5: Argent Materials, Inc | J5: 8300 Baldwin St, Oakland, CA 94621 | L5: 11/04/2022 | M5: 44866 | N5: 7140492 | O5: Click Here To View | P5: Demolition | Q5: 13.98 | R5: 100.00% | S5: 0.00% | T5: 100.00% | U5: 0.00% | W5: 13.98 | Y5: 13.98 | AC5: 13.98 | BH5: 0.00% | BI5: 0.00% | BJ5: 0.00% | BK5: 0.00% | BS5: 0.00% | BT5: 0.00% | BU5: 0.00% | BV5: 0.00% | CN5: Katherine Ibarra | CP5: 08/01/2023 | CQ5: Katherine Ibarra
A6: Oakland/San Francisco/San Jose | B6: UCB Gateway | C6: 210784 | E6: Higher Education | Laboratory / Research | 005 | 004 | F6: 368 | G6: Silverado Contractors | H6: Samantha Chen | I6: Argent Materials, Inc | J6: 8300 Baldwin St, Oakland, CA 94621 | L6: 11/04/2022 | M6: 44866 | N6: 7140546 | O6: Click Here To View | P6: Demolition | Q6: 14.01 | R6: 100.00% | S6: 0.00% | T6: 100.00% | U6: 0.00% | W6: 14.01 | Y6: 14.01 | AC6: 14.01 | BH6: 0.00% | BI6: 0.00% | BJ6: 0.00% | BK6: 0.00% | BS6: 0.00% | BT6: 0.00% | BU6: 0.00% | BV6: 0.00% | CN6: Katherine Ibarra | CP6: 08/01/2023 | CQ6: Katherine Ibarra
A7: Oakland/San Francisco/San Jose | B7: UCB Gateway | C7: 210784 | E7: Higher Education | Laboratory / Research | 005 | 004 | F7: 368 | G7: Silverado Contractors | H7: Samantha Chen | I7: Argent Materials, Inc | J7: 8300 Baldwin St, Oakland, CA 94621 | L7: 11/07/2022 | M7: 44866 | N7: 7140757 | O7: Click Here To View | P7: Demolition | Q7: 13.76 | R7: 100.00% | S7: 0.00% | T7: 100.00% | U7: 0.00% | W7: 13.76 | Y7: 13.76 | AC7: 13.76 | BH7: 0.00% | BI7: 0.00% | BJ7: 0.00% | BK7: 0.00% | BS7: 0.00% | BT7: 0.00% | BU7: 0.00% | BV7: 0.00% | CN7: Katherine Ibarra | CP7: 08/01/2023 | CQ7: Katherine Ibarra
A8: Oakland/San Francisco/San Jose | B8: UCB Gateway | C8: 210784 | E8: Higher Education | Laboratory / Research | 005 | 004 | F8: 368 | G8: Silverado Contractors | H8: Samantha Chen | I8: Argent Materials, Inc | J8: 8300 Baldwin St, Oakland, CA 94621 | L8: 11/07/2022 | M8: 44866 | N8: 7140808 | O8: Click Here To View | P8: Demolition | Q8: 17.42 | R8: 100.00% | S8: 0.00% | T8: 100.00% | U8: 0.00% | W8: 17.42 | Y8: 17.42 | AC8: 17.42 | BH8: 0.00% | BI8: 0.00% | BJ8: 0.00% | BK8: 0.00% | BS8: 0.00% | BT8: 0.00% | BU8: 0.00% | BV8: 0.00% | CN8: Katherine Ibarra | CP8: 08/01/2023 | CQ8: Katherine Ibarra
A9: Oakland/San Francisco/San Jose | B9: UCB Gateway | C9: 210784 | E9: Higher Education | Laboratory / Research | 005 | 004 | F9: 368 | G9: Silverado Contractors | H9: Samantha Chen | I9: Argent Materials, Inc | J9: 8300 Baldwin St, Oakland, CA 94621 | L9: 11/21/2022 | M9: 44866 | N9: 7142674 | O9: Click Here To View | P9: Demolition | Q9: 22.18 | R9: 100.00% | S9: 0.00% | T9: 100.00% | U9: 0.00% | W9: 22.18 | Y9: 22.18 | AC9: 22.18 | BH9: 0.00% | BI9: 0.00% | BJ9: 0.00% | BK9: 0.00% | BS9: 0.00% | BT9: 0.00% | BU9: 0.00% | BV9: 0.00% | CN9: Katherine Ibarra | CP9: 08/01/2023 | CQ9: Katherine Ibarra
A10: Oakland/San Francisco/San Jose | B10: UCB Gateway | C10: 210784 | E10: Higher Education | Laboratory / Research | 005 | 004 | F10: 368 | G10: Silverado Contractors | H10: Samantha Chen | I10: Argent Materials, Inc | J10: 8300 Baldwin St, Oakland, CA 94621 | L10: 11/21/2022 | M10: 44866 | N10: 7142683 | O10: Click Here To View | P10: Demolition | Q10: 18.12 | R10: 100.00% | S10: 0.00% | T10: 100.00% | U10: 0.00% | W10: 18.12 | Y10: 18.12 | AC10: 18.12 | BH10: 0.00% | BI10: 0.00% | BJ10: 0.00% | BK10: 0.00% | BS10: 0.00% | BT10: 0.00% | BU10: 0.00% | BV10: 0.00% | CN10: Katherine Ibarra | CP10: 08/01/2023 | CQ10: Katherine Ibarra
A11: Oakland/San Francisco/San Jose | B11: UCB Gateway | C11: 210784 | E11: Higher Education | Laboratory / Research | 005 | 004 | F11: 368 | G11: Silverado Contractors | H11: Samantha Chen | I11: Argent Materials, Inc | J11: 8300 Baldwin St, Oakland, CA 94621 | L11: 11/21/2022 | M11: 44866 | N11: 7142720 | O11: Click Here To View | P11: Demolition | Q11: 23.07 | R11: 100.00% | S11: 0.00% | T11: 100.00% | U11: 0.00% | W11: 23.07 | Y11: 23.07 | AC11: 23.07 | BH11: 0.00% | BI11: 0.00% | BJ11: 0.00% | BK11: 0.00% | BS11: 0.00% | BT11: 0.00% | BU11: 0.00% | BV11: 0.00% | CN11: Katherine Ibarra | CP11: 08/01/2023 | CQ11: Katherine Ibarra
A12: Oakland/San Francisco/San Jose | B12: UCB Gateway | C12: 210784 | E12: Higher Education | Laboratory / Research | 005 | 004 | F12: 368 | G12: Silverado Contractors | H12: Samantha Chen | I12: Argent Materials, Inc | J12: 8300 Baldwin St, Oakland, CA 94621 | L12: 11/21/2022 | M12: 44866 | N12: 7142734 | O12: Click Here To View | P12: Demolition | Q12: 21.46 | R12: 100.00% | S12: 0.00% | T12: 100.00% | U12: 0.00% | W12: 21.46 | Y12: 21.46 | AC12: 21.46 | BH12: 0.00% | BI12: 0.00% | BJ12: 0.00% | BK12: 0.00% | BS12: 0.00% | BT12: 0.00% | BU12: 0.00% | BV12: 0.00% | CN12: Katherine Ibarra | CP12: 08/01/2023 | CQ12: Katherine Ibarra
A13: Oakland/San Francisco/San Jose | B13: UCB Gateway | C13: 210784 | E13: Higher Education | Laboratory / Research | 005 | 004 | F13: 368 | G13: Silverado Contractors | H13: Samantha Chen | I13: Argent Materials, Inc | J13: 8300 Baldwin St, Oakland, CA 94621 | L13: 11/21/2022 | M13: 44866 | N13: 7142766 | O13: Click Here To View | P13: Demolition | Q13: 12.89 | R13: 100.00% | S13: 0.00% | T13: 100.00% | U13: 0.00% | W13: 12.89 | Y13: 12.89 | AC13: 12.89 | BH13: 0.00% | BI13: 0.00% | BJ13: 0.00% | BK13: 0.00% | BS13: 0.00% | BT13: 0.00% | BU13: 0.00% | BV13: 0.00% | CN13: Katherine Ibarra | CP13: 08/01/2023 | CQ13: Katherine Ibarra
A14: Oakland/San Francisco/San Jose | B14: UCB Gateway | C14: 210784 | E14: Higher Education | Laboratory / Research | 005 | 004 | F14: 368 | G14: Silverado Contractors | H14: Samantha Chen | I14: Argent Materials, Inc | J14: 8300 Baldwin St, Oakland, CA 94621 | L14: 11/21/2022 | M14: 44866 | N14: 7142770 | O14: Click Here To View | P14: Demolition | Q14: 19.48 | R14: 100.00% | S14: 0.00% | T14: 100.00% | U14: 0.00% | W14: 19.48 | Y14: 19.48 | AC14: 19.48 | BH14: 0.00% | BI14: 0.00% | BJ14: 0.00% | BK14: 0.00% | BS14: 0.00% | BT14: 0.00% | BU14: 0.00% | BV14: 0.00% | CN14: Katherine Ibarra | CP14: 08/01/2023 | CQ14: Katherine Ibarra
A15: Oakland/San Francisco/San Jose | B15: UCB Gateway | C15: 210784 | E15: Higher Education | Laboratory / Research | 005 | 004 | F15: 368 | G15: Silverado Contractors | H15: Samantha Chen | I15: Argent Materials, Inc | J15: 8300 Baldwin St, Oakland, CA 94621 | L15: 11/21/2022 | M15: 44866 | N15: 7142802 | O15: Click Here To View | P15: Demolition | Q15: 20.43 | R15: 100.00% | S15: 0.00% | T15: 100.00% | U15: 0.00% | W15: 20.43 | Y15: 20.43 | AC15: 20.43 | BH15: 0.00% | BI15: 0.00% | BJ15: 0.00% | BK15: 0.00% | BS15: 0.00% | BT15: 0.00% | BU15: 0.00% | BV15: 0.00% | CN15: Katherine Ibarra | CP15: 08/01/2023 | CQ15: Katherine Ibarra
... A29: Oakland/San Francisco/San Jose | B29: UCB Gateway | C29: 210784 | E29: Higher Education | Laboratory / Research | 005 | 004 | F29: 368 | G29: Silverado Contractors | H29: Samantha Chen | I29: Argent Materials, Inc | J29: 8300 Baldwin St, Oakland, CA 94621 | L29: 11/23/2022 | M29: 44866 | N29: 7143210 | O29: Click Here To View | P29: Demolition | Q29: 23.57 | R29: 100.00% | S29: 0.00% | T29: 100.00% | U29: 0.00% | W29: 23.57 | Y29: 23.57 | AC29: 23.57 | BH29: 0.00% | BI29: 0.00% | BJ29: 0.00% | BK29: 0.00% | BS29: 0.00% | BT29: 0.00% | BU29: 0.00% | BV29: 0.00% | CN29: Katherine Ibarra | CP29: 08/01/2023 | CQ29: Katherine Ibarra
A30: Oakland/San Francisco/San Jose | B30: UCB Gateway | C30: 210784 | E30: Higher Education | Laboratory / Research | 005 | 004 | F30: 368 | G30: Silverado Contractors | H30: Samantha Chen | I30: Schnitzer Steel - Oakland | J30: 1101 Embarcadero West, Oakland CA, Oakland, CA 94607 | L30: 11/17/2022 | M30: 44866 | N30: TABHVS | O30: Click Here To View | P30: Demolition | Q30: 3.52 | R30: 100.00% | S30: 0.00% | T30: 100.00% | U30: 0.00% | W30: 3.52 | Y30: 3.52 | AF30: 3.52 | BH30: 0.00% | BI30: 0.00% | BJ30: 0.00% | BK30: 0.00% | BS30: 0.00% | BT30: 0.00% | BU30: 0.00% | BV30: 0.00% | CN30: Katherine Ibarra | CP30: 08/01/2023 | CQ30: Katherine Ibarra
A31: Oakland/San Francisco/San Jose | B31: UCB Gateway | C31: 210784 | E31: Higher Education | Laboratory / Research | 005 | 004 | F31: 368 | G31: Certified Blue Recycling | H31: S Barron | I31: Certified Blue Recycling Without ADC (LEED) | J31: 2075 Williams St, San Leandro, CA 94577 | L31: 11/30/2022 | M31: 44866 | N31: 82097 | O31: Click Here To View | P31: Demolition | Q31: 1.08 | R31: 30.56% | S31: 0.00% | T31: 30.56% | U31: 69.44% | W31: 0.33 | X31: 0.75 | Y31: 1.08 | Z31: 0.41 | AG31: 0.33 | AI31: 0.34 | BH31: 0.00% | BI31: 0.00% | BJ31: 0.00% | BK31: 0.00% | BS31: 0.00% | BT31: 0.00% | BU31: 0.00% | BV31: 0.00% | CN31: Mahek Pathak | CP31: 02/21/2023 | CQ31: Mahek Pathak
A32: Oakland/San Francisco/San Jose | B32: UCB Gateway | C32: 210784 | E32: Higher Education | Laboratory / Research | 005 | 004 | F32: 368 | G32: Silverado Contractors | H32: Samantha Chen | I32: Schnitzer Steel - Oakland | J32: 1101 Embarcadero West, Oakland CA, Oakland, CA 94607 | L32: 12/14/2022 | M32: 44896 | N32: TAEIPJ | O32: Click Here To View | P32: Demolition | Q32: 8.92 | R32: 100.00% | S32: 0.00% | T32: 100.00% | U32: 0.00% | W32: 8.92 | Y32: 8.92 | AF32: 8.92 | BH32: 0.00% | BI32: 0.00% | BJ32: 0.00% | BK32: 0.00% | BS32: 0.00% | BT32: 0.00% | BU32: 0.00% | BV32: 0.00% | CN32: Katherine Ibarra | CP32: 08/01/2023 | CQ32: Katherine Ibarra
A33: Oakland/San Francisco/San Jose | B33: UCB Gateway | C33: 210784 | E33: Higher Education | Laboratory / Research | 005 | 004 | F33: 368 | G33: Certified Blue Recycling | H33: S Barron | I33: Certified Blue Recycling Without ADC (LEED) | J33: 2075 Williams St, San Leandro, CA 94577 | L33: 12/22/2022 | M33: 44896 | N33: 82815 | O33: Click Here To View | P33: Demolition | Q33: 0.8848 | R33: 31.65% | S33: 0.00% | T33: 31.65% | U33: 68.35% | W33: 0.28 | X33: 0.6048 | Y33: 0.8848 | Z33: 0.3348 | AG33: 0.28 | AI33: 0.27 | BH33: 0.00% | BI33: 0.00% | BJ33: 0.00% | BK33: 0.00% | BS33: 0.00% | BT33: 0.00% | BU33: 0.00% | BV33: 0.00% | CN33: Mahek Pathak | CP33: 02/21/2023 | CQ33: Mahek Pathak
A34: Oakland/San Francisco/San Jose | B34: UCB Gateway | C34: 210784 | E34: Higher Education | Laboratory / Research | 005 | 004 | F34: 368 | G34: Certified Blue Recycling | H34: S Barron | I34: Certified Blue Recycling Without ADC (LEED) | J34: 2075 Williams St, San Leandro, CA 94577 | L34: 12/01/2022 | M34: 44896 | N34: 82137 | O34: Click Here To View | P34: Demolition | Q34: 1.31 | R34: 100.00% | S34: 0.00% | T34: 100.00% | U34: 0.00% | W34: 1.31 | Y34: 1.31 | BE34: 1.31 | BH34: 0.00% | BI34: 0.00% | BJ34: 0.00% | BK34: 0.00% | BS34: 0.00% | BT34: 0.00% | BU34: 0.00% | BV34: 0.00% | CN34: Mahek Pathak | CP34: 02/21/2023 | CQ34: Mahek Pathak
A35: Oakland/San Francisco/San Jose | B35: UCB Gateway | C35: 210784 | E35: Higher Education | Laboratory / Research | 005 | 004 | F35: 368 | G35: Silverado Contractors | H35: Samantha Chen | I35: Argent Materials, Inc | J35: 8300 Baldwin St, Oakland, CA 94621 | L35: 04/18/2023 | M35: 45017 | N35: 7159481 | O35: Click Here To View | P35: Demolition | Q35: 13.37 | R35: 100.00% | S35: 0.00% | T35: 100.00% | U35: 0.00% | W35: 13.37 | Y35: 13.37 | AC35: 13.37 | BH35: 0.00% | BI35: 0.00% | BJ35: 0.00% | BK35: 0.00% | BS35: 0.00% | BT35: 0.00% | BU35: 0.00% | BV35: 0.00% | CN35: Katherine Ibarra | CP35: 08/02/2023 | CQ35: Katherine Ibarra
A36: Oakland/San Francisco/San Jose | B36: UCB Gateway | C36: 210784 | E36: Higher Education | Laboratory / Research | 005 | 004 | F36: 368 | G36: Silverado Contractors | H36: Samantha Chen | I36: Argent Materials, Inc | J36: 8300 Baldwin St, Oakland, CA 94621 | L36: 04/18/2023 | M36: 45017 | N36: 7159445 | O36: Click Here To View | P36: Demolition | Q36: 21.53 | R36: 100.00% | S36: 0.00% | T36: 100.00% | U36: 0.00% | W36: 21.53 | Y36: 21.53 | AC36: 21.53 | BH36: 0.00% | BI36: 0.00% | BJ36: 0.00% | BK36: 0.00% | BS36: 0.00% | BT36: 0.00% | BU36: 0.00% | BV36: 0.00% | CN36: Katherine Ibarra | CP36: 08/02/2023 | CQ36: Katherine Ibarra
A37: Oakland/San Francisco/San Jose | B37: UCB Gateway | C37: 210784 | E37: Higher Education | Laboratory / Research | 005 | 004 | F37: 368 | G37: Silverado Contractors | H37: Samantha Chen | I37: Argent Materials, Inc | J37: 8300 Baldwin St, Oakland, CA 94621 | L37: 04/18/2023 | M37: 45017 | N37: 7159451 | O37: Click Here To View | P37: Demolition | Q37: 22.82 | R37: 100.00% | S37: 0.00% | T37: 100.00% | U37: 0.00% | W37: 22.82 | Y37: 22.82 | AC37: 22.82 | BH37: 0.00% | BI37: 0.00% | BJ37: 0.00% | BK37: 0.00% | BS37: 0.00% | BT37: 0.00% | BU37: 0.00% | BV37: 0.00% | CN37: Katherine Ibarra | CP37: 08/02/2023 | CQ37: Katherine Ibarra
A38: Oakland/San Francisco/San Jose | B38: UCB Gateway | C38: 210784 | E38: Higher Education | Laboratory / Research | 005 | 004 | F38: 368 | G38: Silverado Contractors | H38: Samantha Chen | I38: Argent Materials, Inc | J38: 8300 Baldwin St, Oakland, CA 94621 | L38: 04/18/2023 | M38: 45017 | N38: 7159462 | O38: Click Here To View | P38: Demolition | Q38: 14.22 | R38: 100.00% | S38: 0.00% | T38: 100.00% | U38: 0.00% | W38: 14.22 | Y38: 14.22 | AC38: 14.22 | BH38: 0.00% | BI38: 0.00% | BJ38: 0.00% | BK38: 0.00% | BS38: 0.00% | BT38: 0.00% | BU38: 0.00% | BV38: 0.00% | CN38: Katherine Ibarra | CP38: 08/02/2023 | CQ38: Katherine Ibarra
A39: Oakland/San Francisco/San Jose | B39: UCB Gateway | C39: 210784 | E39: Higher Education | Laboratory / Research | 005 | 004 | F39: 368 | G39: Silverado Contractors | H39: Samantha Chen | I39: Excess Recovery, INC. | J39: 1801 Evans Avenue, San Francisco, CA 94124, San Francisco, CA 94124 | L39: 04/10/2023 | M39: 45017 | N39: 40293 | O39: Click Here To View | P39: Demolition | Q39: 5.9 | R39: 71.00% | S39: 0.00% | T39: 71.00% | U39: 29.00% | W39: 4.189 | X39: 1.711 | Y39: 5.9 | AY39: 4.189 | BD39: 1.711 | BH39: 0.00% | BI39: 0.00% | BJ39: 0.00% | BK39: 0.00% | BS39: 0.00% | BT39: 0.00% | BU39: 0.00% | BV39: 0.00% | CN39: Katherine Ibarra | CP39: 08/02/2023 | CQ39: Katherine Ibarra
A40: Oakland/San Francisco/San Jose | B40: UCB Gateway | C40: 210784 | E40: Higher Education | Laboratory / Research | 005 | 004 | F40: 368 | G40: Silverado Contractors | H40: Samantha Chen | I40: Excess Recovery, INC. | J40: 1801 Evans Avenue, San Francisco, CA 94124, San Francisco, CA 94124 | L40: 04/20/2023 | M40: 45017 | N40: 39843 | O40: Click Here To View | P40: Demolition | Q40: 10.05 | R40: 71.00% | S40: 0.00% | T40: 71.00% | U40: 29.00% | W40: 7.1355 | X40: 2.9145 | Y40: 10.05 | AY40: 7.1355 | BD40: 2.9145 | BH40: 0.00% | BI40: 0.00% | BJ40: 0.00% | BK40: 0.00% | BS40: 0.00% | BT40: 0.00% | BU40: 0.00% | BV40: 0.00% | CN40: Katherine Ibarra | CP40: 08/02/2023 | CQ40: Katherine Ibarra
A41: Oakland/San Francisco/San Jose | B41: UCB Gateway | C41: 210784 | E41: Higher Education | Laboratory / Research | 005 | 004 | F41: 368 | G41: Silverado Contractors | H41: Samantha Chen | I41: Argent Materials, Inc | J41: 8300 Baldwin St, Oakland, CA 94621 | L41: 05/11/2023 | M41: 45047 | N41: 7163221 | O41: Click Here To View | P41: Demolition | Q41: 19.28 | R41: 100.00% | S41: 0.00% | T41: 100.00% | U41: 0.00% | W41: 19.28 | Y41: 19.28 | AC41: 19.28 | BH41: 0.00% | BI41: 0.00% | BJ41: 0.00% | BK41: 0.00% | BS41: 0.00% | BT41: 0.00% | BU41: 0.00% | BV41: 0.00% | CN41: Katherine Ibarra | CP41: 08/02/2023 | CQ41: Katherine Ibarra
A42: Oakland/San Francisco/San Jose | B42: UCB Gateway | C42: 210784 | E42: Higher Education | Laboratory / Research | 005 | 004 | F42: 368 | G42: Silverado Contractors | H42: Samantha Chen | I42: Argent Materials, Inc | J42: 8300 Baldwin St, Oakland, CA 94621 | L42: 05/22/2023 | M42: 45047 | N42: 7164757 | O42: Click Here To View | P42: Demolition | Q42: 18.69 | R42: 100.00% | S42: 0.00% | T42: 100.00% | U42: 0.00% | W42: 18.69 | Y42: 18.69 | AC42: 18.69 | BH42: 0.00% | BI42: 0.00% | BJ42: 0.00% | BK42: 0.00% | BS42: 0.00% | BT42: 0.00% | BU42: 0.00% | BV42: 0.00% | CN42: Katherine Ibarra | CP42: 08/02/2023 | CQ42: Katherine Ibarra
A43: Oakland/San Francisco/San Jose | B43: UCB Gateway | C43: 210784 | E43: Higher Education | Laboratory / Research | 005 | 004 | F43: 368 | G43: Silverado Contractors | H43: Samantha Chen | I43: Argent Materials, Inc | J43: 8300 Baldwin St, Oakland, CA 94621 | L43: 05/22/2023 | M43: 45047 | N43: 7164758 | O43: Click Here To View | P43: Demolition | Q43: 19.13 | R43: 100.00% | S43: 0.00% | T43: 100.00% | U43: 0.00% | W43: 19.13 | Y43: 19.13 | AC43: 19.13 | BH43: 0.00% | BI43: 0.00% | BJ43: 0.00% | BK43: 0.00% | BS43: 0.00% | BT43: 0.00% | BU43: 0.00% | BV43: 0.00% | CN43: Katherine Ibarra | CP43: 08/02/2023 | CQ43: Katherine Ibarra
A44: Oakland/San Francisco/San Jose | B44: UCB Gateway | C44: 210784 | E44: Higher Education | Laboratory / Research | 005 | 004 | F44: 368 | G44: Silverado Contractors | H44: Samantha Chen | I44: Argent Materials, Inc | J44: 8300 Baldwin St, Oakland, CA 94621 | L44: 05/22/2023 | M44: 45047 | N44: 7164762 | O44: Click Here To View | P44: Demolition | Q44: 21.84 | R44: 100.00% | S44: 0.00% | T44: 100.00% | U44: 0.00% | W44: 21.84 | Y44: 21.84 | AC44: 21.84 | BH44: 0.00% | BI44: 0.00% | BJ44: 0.00% | BK44: 0.00% | BS44: 0.00% | BT44: 0.00% | BU44: 0.00% | BV44: 0.00% | CN44: Katherine Ibarra | CP44: 08/02/2023 | CQ44: Katherine Ibarra
A45: Oakland/San Francisco/San Jose | B45: UCB Gateway | C45: 210784 | E45: Higher Education | Laboratory / Research | 005 | 004 | F45: 368 | G45: Silverado Contractors | H45: Samantha Chen | I45: Argent Materials, Inc | J45: 8300 Baldwin St, Oakland, CA 94621 | L45: 05/22/2023 | M45: 45047 | N45: 7164786 | O45: Click Here To View | P45: Demolition | Q45: 22.75 | R45: 100.00% | S45: 0.00% | T45: 100.00% | U45: 0.00% | W45: 22.75 | Y45: 22.75 | AC45: 22.75 | BH45: 0.00% | BI45: 0.00% | BJ45: 0.00% | BK45: 0.00% | BS45: 0.00% | BT45: 0.00% | BU45: 0.00% | BV45: 0.00% | CN45: Katherine Ibarra | CP45: 08/02/2023 | CQ45: Katherine Ibarra
A46: Oakland/San Francisco/San Jose | B46: UCB Gateway | C46: 210784 | E46: Higher Education | Laboratory / Research | 005 | 004 | F46: 368 | G46: Silverado Contractors | H46: Samantha Chen | I46: Argent Materials, Inc | J46: 8300 Baldwin St, Oakland, CA 94621 | L46: 05/22/2023 | M46: 45047 | N46: 7164787 | O46: Click Here To View | P46: Demolition | Q46: 23.16 | R46: 100.00% | S46: 0.00% | T46: 100.00% | U46: 0.00% | W46: 23.16 | Y46: 23.16 | AC46: 23.16 | BH46: 0.00% | BI46: 0.00% | BJ46: 0.00% | BK46: 0.00% | BS46: 0.00% | BT46: 0.00% | BU46: 0.00% | BV46: 0.00% | CN46: Katherine Ibarra | CP46: 08/02/2023 | CQ46: Katherine Ibarra
A47: Oakland/San Francisco/San Jose | B47: UCB Gateway | C47: 210784 | E47: Higher Education | Laboratory / Research | 005 | 004 | F47: 368 | G47: Silverado Contractors | H47: Samantha Chen | I47: Argent Materials, Inc | J47: 8300 Baldwin St, Oakland, CA 94621 | L47: 05/22/2023 | M47: 45047 | N47: 7164789 | O47: Click Here To View | P47: Demolition | Q47: 22.2 | R47: 100.00% | S47: 0.00% | T47: 100.00% | U47: 0.00% | W47: 22.2 | Y47: 22.2 | AC47: 22.2 | BH47: 0.00% | BI47: 0.00% | BJ47: 0.00% | BK47: 0.00% | BS47: 0.00% | BT47: 0.00% | BU47: 0.00% | BV47: 0.00% | CN47: Katherine Ibarra | CP47: 08/02/2023 | CQ47: Katherine Ibarra
A48: Oakland/San Francisco/San Jose | B48: UCB Gateway | C48: 210784 | E48: Higher Education | Laboratory / Research | 005 | 004 | F48: 368 | G48: Silverado Contractors | H48: Samantha Chen | I48: Argent Materials, Inc | J48: 8300 Baldwin St, Oakland, CA 94621 | L48: 05/22/2023 | M48: 45047 | N48: 7164814 | O48: Click Here To View | P48: Demolition | Q48: 21.12 | R48: 100.00% | S48: 0.00% | T48: 100.00% | U48: 0.00% | W48: 21.12 | Y48: 21.12 | AC48: 21.12 | BH48: 0.00% | BI48: 0.00% | BJ48: 0.00% | BK48: 0.00% | BS48: 0.00% | BT48: 0.00% | BU48: 0.00% | BV48: 0.00% | CN48: Katherine Ibarra | CP48: 08/02/2023 | CQ48: Katherine Ibarra
A49: Oakland/San Francisco/San Jose | B49: UCB Gateway | C49: 210784 | E49: Higher Education | Laboratory / Research | 005 | 004 | F49: 368 | G49: Silverado Contractors | H49: Samantha Chen | I49: Argent Materials, Inc | J49: 8300 Baldwin St, Oakland, CA 94621 | L49: 05/22/2023 | M49: 45047 | N49: 7164816 | O49: Click Here To View | P49: Demolition | Q49: 22.65 | R49: 100.00% | S49: 0.00% | T49: 100.00% | U49: 0.00% | W49: 22.65 | Y49: 22.65 | AC49: 22.65 | BH49: 0.00% | BI49: 0.00% | BJ49: 0.00% | BK49: 0.00% | BS49: 0.00% | BT49: 0.00% | BU49: 0.00% | BV49: 0.00% | CN49: Katherine Ibarra | CP49: 08/02/2023 | CQ49: Katherine Ibarra
A50: Oakland/San Francisco/San Jose | B50: UCB Gateway | C50: 210784 | E50: Higher Education | Laboratory / Research | 005 | 004 | F50: 368 | G50: Silverado Contractors | H50: Samantha Chen | I50: Argent Materials, Inc | J50: 8300 Baldwin St, Oakland, CA 94621 | L50: 05/22/2023 | M50: 45047 | N50: 7164818 | O50: Click Here To View | P50: Demolition | Q50: 16.88 | R50: 100.00% | S50: 0.00% | T50: 100.00% | U50: 0.00% | W50: 16.88 | Y50: 16.88 | AC50: 16.88 | BH50: 0.00% | BI50: 0.00% | BJ50: 0.00% | BK50: 0.00% | BS50: 0.00% | BT50: 0.00% | BU50: 0.00% | BV50: 0.00% | CN50: Katherine Ibarra | CP50: 08/02/2023 | CQ50: Katherine Ibarra
A51: Oakland/San Francisco/San Jose | B51: UCB Gateway | C51: 210784 | E51: Higher Education | Laboratory / Research | 005 | 004 | F51: 368 | G51: Silverado Contractors | H51: Samantha Chen | I51: Argent Materials, Inc | J51: 8300 Baldwin St, Oakland, CA 94621 | L51: 05/22/2023 | M51: 45047 | N51: 7164863 | O51: Click Here To View | P51: Demolition | Q51: 18.21 | R51: 100.00% | S51: 0.00% | T51: 100.00% | U51: 0.00% | W51: 18.21 | Y51: 18.21 | AC51: 18.21 | BH51: 0.00% | BI51: 0.00% | BJ51: 0.00% | BK51: 0.00% | BS51: 0.00% | BT51: 0.00% | BU51: 0.00% | BV51: 0.00% | CN51: Katherine Ibarra | CP51: 08/02/2023 | CQ51: Katherine Ibarra
A52: Oakland/San Francisco/San Jose | B52: UCB Gateway | C52: 210784 | E52: Higher Education | Laboratory / Research | 005 | 004 | F52: 368 | G52: Silverado Contractors | H52: Samantha Chen | I52: Argent Materials, Inc | J52: 8300 Baldwin St, Oakland, CA 94621 | L52: 05/22/2023 | M52: 45047 | N52: 7164864 | O52: Click Here To View | P52: Demolition | Q52: 20.15 | R52: 100.00% | S52: 0.00% | T52: 100.00% | U52: 0.00% | W52: 20.15 | Y52: 20.15 | AC52: 20.15 | BH52: 0.00% | BI52: 0.00% | BJ52: 0.00% | BK52: 0.00% | BS52: 0.00% | BT52: 0.00% | BU52: 0.00% | BV52: 0.00% | CN52: Katherine Ibarra | CP52: 08/02/2023 | CQ52: Katherine Ibarra
... A109: Oakland/San Francisco/San Jose | B109: UCB Gateway | C109: 210784 | E109: Higher Education | Laboratory / Research | 005 | 004 | F109: 368 | G109: Silverado Contractors | H109: Samantha Chen | I109: Argent Materials, Inc | J109: 8300 Baldwin St, Oakland, CA 94621 | L109: 05/31/2023 | M109: 45047 | N109: 7166349 | O109: Click Here To View | P109: Demolition | Q109: 18.87 | R109: 100.00% | S109: 0.00% | T109: 100.00% | U109: 0.00% | W109: 18.87 | Y109: 18.87 | AC109: 18.87 | BH109: 0.00% | BI109: 0.00% | BJ109: 0.00% | BK109: 0.00% | BS109: 0.00% | BT109: 0.00% | BU109: 0.00% | BV109: 0.00% | CN109: Katherine Ibarra | CP109: 08/02/2023 | CQ109: Katherine Ibarra
A110: Oakland/San Francisco/San Jose | B110: UCB Gateway | C110: 210784 | E110: Higher Education | Laboratory / Research | 005 | 004 | F110: 368 | G110: Silverado Contractors | H110: Samantha Chen | I110: Schnitzer Steel - Oakland | J110: 1101 Embarcadero West, Oakland CA, Oakland, CA 94607 | L110: 05/10/2023 | M110: 45047 | N110: TAXPLY | O110: Click Here To View | P110: Demolition | Q110: 3.29 | R110: 100.00% | S110: 0.00% | T110: 100.00% | U110: 0.00% | W110: 3.29 | Y110: 3.29 | AF110: 3.29 | BH110: 0.00% | BI110: 0.00% | BJ110: 0.00% | BK110: 0.00% | BS110: 0.00% | BT110: 0.00% | BU110: 0.00% | BV110: 0.00% | CN110: Katherine Ibarra | CP110: 08/01/2023 | CQ110: Katherine Ibarra
A111: Oakland/San Francisco/San Jose | B111: UCB Gateway | C111: 210784 | E111: Higher Education | Laboratory / Research | 005 | 004 | F111: 368 | G111: Silverado Contractors | H111: Samantha Chen | I111: Schnitzer Steel - Oakland | J111: 1101 Embarcadero West, Oakland CA, Oakland, CA 94607 | L111: 05/19/2023 | M111: 45047 | N111: TAYYQZ | O111: Click Here To View | P111: Demolition | Q111: 4.68 | R111: 100.00% | S111: 0.00% | T111: 100.00% | U111: 0.00% | W111: 4.68 | Y111: 4.68 | AF111: 4.68 | BH111: 0.00% | BI111: 0.00% | BJ111: 0.00% | BK111: 0.00% | BS111: 0.00% | BT111: 0.00% | BU111: 0.00% | BV111: 0.00% | CN111: Katherine Ibarra | CP111: 08/01/2023 | CQ111: Katherine Ibarra
A112: Oakland/San Francisco/San Jose | B112: UCB Gateway | C112: 210784 | E112: Higher Education | Laboratory / Research | 005 | 004 | F112: 368 | G112: Silverado Contractors | H112: Samantha Chen | I112: Schnitzer Steel - Oakland | J112: 1101 Embarcadero West, Oakland CA, Oakland, CA 94607 | L112: 05/23/2023 | M112: 45047 | N112: TAZKHJ | O112: Click Here To View | P112: Demolition | Q112: 3.77 | R112: 100.00% | S112: 0.00% | T112: 100.00% | U112: 0.00% | W112: 3.77 | Y112: 3.77 | AF112: 3.77 | BH112: 0.00% | BI112: 0.00% | BJ112: 0.00% | BK112: 0.00% | BS112: 0.00% | BT112: 0.00% | BU112: 0.00% | BV112: 0.00% | CN112: Katherine Ibarra | CP112: 08/01/2023 | CQ112: Katherine Ibarra
A113: Oakland/San Francisco/San Jose | B113: UCB Gateway | C113: 210784 | E113: Higher Education | Laboratory / Research | 005 | 004 | F113: 368 | G113: Silverado Contractors | H113: Samantha Chen | I113: Schnitzer Steel - Oakland | J113: 1101 Embarcadero West, Oakland CA, Oakland, CA 94607 | L113: 05/24/2023 | M113: 45047 | N113: TAZPNH | O113: Click Here To View | P113: Demolition | Q113: 2.97 | R113: 100.00% | S113: 0.00% | T113: 100.00% | U113: 0.00% | W113: 2.97 | Y113: 2.97 | AF113: 2.97 | BH113: 0.00% | BI113: 0.00% | BJ113: 0.00% | BK113: 0.00% | BS113: 0.00% | BT113: 0.00% | BU113: 0.00% | BV113: 0.00% | CN113: Katherine Ibarra | CP113: 08/01/2023 | CQ113: Katherine Ibarra
A114: Oakland/San Francisco/San Jose | B114: UCB Gateway | C114: 210784 | E114: Higher Education | Laboratory / Research | 005 | 004 | F114: 368 | G114: Silverado Contractors | H114: Samantha Chen | I114: Excess Recovery, INC. | J114: 1801 Evans Avenue, San Francisco, CA 94124, San Francisco, CA 94124 | L114: 05/08/2023 | M114: 45047 | N114: 39430 | O114: Click Here To View | P114: Demolition | Q114: 6.35 | R114: 71.00% | S114: 0.00% | T114: 71.00% | U114: 29.00% | W114: 4.5085 | X114: 1.8415 | Y114: 6.35 | AY114: 4.5085 | BD114: 1.8415 | BH114: 0.00% | BI114: 0.00% | BJ114: 0.00% | BK114: 0.00% | BS114: 0.00% | BT114: 0.00% | BU114: 0.00% | BV114: 0.00% | CN114: Katherine Ibarra | CP114: 08/02/2023 | CQ114: Katherine Ibarra
A115: Oakland/San Francisco/San Jose | B115: UCB Gateway | C115: 210784 | E115: Higher Education | Laboratory / Research | 005 | 004 | F115: 368 | G115: Silverado Contractors | H115: Samantha Chen | I115: Excess Recovery, INC. | J115: 1801 Evans Avenue, San Francisco, CA 94124, San Francisco, CA 94124 | L115: 05/22/2023 | M115: 45047 | N115: 40542 | O115: Click Here To View | P115: Demolition | Q115: 3.8 | R115: 71.00% | S115: 0.00% | T115: 71.00% | U115: 29.00% | W115: 2.698 | X115: 1.102 | Y115: 3.8 | AY115: 2.698 | BD115: 1.102 | BH115: 0.00% | BI115: 0.00% | BJ115: 0.00% | BK115: 0.00% | BS115: 0.00% | BT115: 0.00% | BU115: 0.00% | BV115: 0.00% | CN115: Katherine Ibarra | CP115: 08/02/2023 | CQ115: Katherine Ibarra
A116: Oakland/San Francisco/San Jose | B116: UCB Gateway | C116: 210784 | E116: Higher Education | Laboratory / Research | 005 | 004 | F116: 368 | G116: Silverado Contractors | H116: Samantha Chen | I116: Argent Materials, Inc | J116: 8300 Baldwin St, Oakland, CA 94621 | L116: 06/01/2023 | M116: 45078 | N116: 7166430 | O116: Click Here To View | P116: Demolition | Q116: 14.33 | R116: 100.00% | S116: 0.00% | T116: 100.00% | U116: 0.00% | W116: 14.33 | Y116: 14.33 | AC116: 14.33 | BH116: 0.00% | BI116: 0.00% | BJ116: 0.00% | BK116: 0.00% | BS116: 0.00% | BT116: 0.00% | BU116: 0.00% | BV116: 0.00% | CN116: Katherine Ibarra | CP116: 08/02/2023 | CQ116: Katherine Ibarra
A117: Oakland/San Francisco/San Jose | B117: UCB Gateway | C117: 210784 | E117: Higher Education | Laboratory / Research | 005 | 004 | F117: 368 | G117: Silverado Contractors | H117: Samantha Chen | I117: Argent Materials, Inc | J117: 8300 Baldwin St, Oakland, CA 94621 | L117: 06/01/2023 | M117: 45078 | N117: 7166440 | O117: Click Here To View | P117: Demolition | Q117: 15.42 | R117: 100.00% | S117: 0.00% | T117: 100.00% | U117: 0.00% | W117: 15.42 | Y117: 15.42 | AC117: 15.42 | BH117: 0.00% | BI117: 0.00% | BJ117: 0.00% | BK117: 0.00% | BS117: 0.00% | BT117: 0.00% | BU117: 0.00% | BV117: 0.00% | CN117: Katherine Ibarra | CP117: 08/02/2023 | CQ117: Katherine Ibarra
A118: Oakland/San Francisco/San Jose | B118: UCB Gateway | C118: 210784 | E118: Higher Education | Laboratory / Research | 005 | 004 | F118: 368 | G118: Silverado Contractors | H118: Samantha Chen | I118: Argent Materials, Inc | J118: 8300 Baldwin St, Oakland, CA 94621 | L118: 06/01/2023 | M118: 45078 | N118: 7166450 | O118: Click Here To View | P118: Demolition | Q118: 17.82 | R118: 100.00% | S118: 0.00% | T118: 100.00% | U118: 0.00% | W118: 17.82 | Y118: 17.82 | AC118: 17.82 | BH118: 0.00% | BI118: 0.00% | BJ118: 0.00% | BK118: 0.00% | BS118: 0.00% | BT118: 0.00% | BU118: 0.00% | BV118: 0.00% | CN118: Katherine Ibarra | CP118: 08/02/2023 | CQ118: Katherine Ibarra
A119: Oakland/San Francisco/San Jose | B119: UCB Gateway | C119: 210784 | E119: Higher Education | Laboratory / Research | 005 | 004 | F119: 368 | G119: Silverado Contractors | H119: Samantha Chen | I119: Argent Materials, Inc | J119: 8300 Baldwin St, Oakland, CA 94621 | L119: 06/01/2023 | M119: 45078 | N119: 7166517 | O119: Click Here To View | P119: Demolition | Q119: 21.57 | R119: 100.00% | S119: 0.00% | T119: 100.00% | U119: 0.00% | W119: 21.57 | Y119: 21.57 | AC119: 21.57 | BH119: 0.00% | BI119: 0.00% | BJ119: 0.00% | BK119: 0.00% | BS119: 0.00% | BT119: 0.00% | BU119: 0.00% | BV119: 0.00% | CN119: Katherine Ibarra | CP119: 08/02/2023 | CQ119: Katherine Ibarra
A120: Oakland/San Francisco/San Jose | B120: UCB Gateway | C120: 210784 | E120: Higher Education | Laboratory / Research | 005 | 004 | F120: 368 | G120: Silverado Contractors | H120: Samantha Chen | I120: Argent Materials, Inc | J120: 8300 Baldwin St, Oakland, CA 94621 | L120: 06/01/2023 | M120: 45078 | N120: 7166520 | O120: Click Here To View | P120: Demolition | Q120: 18.46 | R120: 100.00% | S120: 0.00% | T120: 100.00% | U120: 0.00% | W120: 18.46 | Y120: 18.46 | AC120: 18.46 | BH120: 0.00% | BI120: 0.00% | BJ120: 0.00% | BK120: 0.00% | BS120: 0.00% | BT120: 0.00% | BU120: 0.00% | BV120: 0.00% | CN120: Katherine Ibarra | CP120: 08/02/2023 | CQ120: Katherine Ibarra
A121: Oakland/San Francisco/San Jose | B121: UCB Gateway | C121: 210784 | E121: Higher Education | Laboratory / Research | 005 | 004 | F121: 368 | G121: Silverado Contractors | H121: Samantha Chen | I121: Argent Materials, Inc | J121: 8300 Baldwin St, Oakland, CA 94621 | L121: 06/01/2023 | M121: 45078 | N121: 7166534 | O121: Click Here To View | P121: Demolition | Q121: 17.68 | R121: 100.00% | S121: 0.00% | T121: 100.00% | U121: 0.00% | W121: 17.68 | Y121: 17.68 | AC121: 17.68 | BH121: 0.00% | BI121: 0.00% | BJ121: 0.00% | BK121: 0.00% | BS121: 0.00% | BT121: 0.00% | BU121: 0.00% | BV121: 0.00% | CN121: Katherine Ibarra | CP121: 08/02/2023 | CQ121: Katherine Ibarra
A122: Oakland/San Francisco/San Jose | B122: UCB Gateway | C122: 210784 | E122: Higher Education | Laboratory / Research | 005 | 004 | F122: 368 | G122: Silverado Contractors | H122: Samantha Chen | I122: Argent Materials, Inc | J122: 8300 Baldwin St, Oakland, CA 94621 | L122: 06/01/2023 | M122: 45078 | N122: 7166555 | O122: Click Here To View | P122: Demolition | Q122: 18.39 | R122: 100.00% | S122: 0.00% | T122: 100.00% | U122: 0.00% | W122: 18.39 | Y122: 18.39 | AC122: 18.39 | BH122: 0.00% | BI122: 0.00% | BJ122: 0.00% | BK122: 0.00% | BS122: 0.00% | BT122: 0.00% | BU122: 0.00% | BV122: 0.00% | CN122: Katherine Ibarra | CP122: 08/02/2023 | CQ122: Katherine Ibarra
A123: Oakland/San Francisco/San Jose | B123: UCB Gateway | C123: 210784 | E123: Higher Education | Laboratory / Research | 005 | 004 | F123: 368 | G123: Silverado Contractors | H123: Samantha Chen | I123: Argent Materials, Inc | J123: 8300 Baldwin St, Oakland, CA 94621 | L123: 06/01/2023 | M123: 45078 | N123: 7166574 | O123: Click Here To View | P123: Demolition | Q123: 16.63 | R123: 100.00% | S123: 0.00% | T123: 100.00% | U123: 0.00% | W123: 16.63 | Y123: 16.63 | AC123: 16.63 | BH123: 0.00% | BI123: 0.00% | BJ123: 0.00% | BK123: 0.00% | BS123: 0.00% | BT123: 0.00% | BU123: 0.00% | BV123: 0.00% | CN123: Katherine Ibarra | CP123: 08/02/2023 | CQ123: Katherine Ibarra
A124: Oakland/San Francisco/San Jose | B124: UCB Gateway | C124: 210784 | E124: Higher Education | Laboratory / Research | 005 | 004 | F124: 368 | G124: Silverado Contractors | H124: Samantha Chen | I124: Argent Materials, Inc | J124: 8300 Baldwin St, Oakland, CA 94621 | L124: 06/01/2023 | M124: 45078 | N124: 7166576 | O124: Click Here To View | P124: Demolition | Q124: 18.69 | R124: 100.00% | S124: 0.00% | T124: 100.00% | U124: 0.00% | W124: 18.69 | Y124: 18.69 | AC124: 18.69 | BH124: 0.00% | BI124: 0.00% | BJ124: 0.00% | BK124: 0.00% | BS124: 0.00% | BT124: 0.00% | BU124: 0.00% | BV124: 0.00% | CN124: Katherine Ibarra | CP124: 08/02/2023 | CQ124: Katherine Ibarra
A125: Oakland/San Francisco/San Jose | B125: UCB Gateway | C125: 210784 | E125: Higher Education | Laboratory / Research | 005 | 004 | F125: 368 | G125: Silverado Contractors | H125: Samantha Chen | I125: Argent Materials, Inc | J125: 8300 Baldwin St, Oakland, CA 94621 | L125: 06/14/2023 | M125: 45078 | N125: 7169038 | O125: Click Here To View | P125: Demolition | Q125: 23.45 | R125: 100.00% | S125: 0.00% | T125: 100.00% | U125: 0.00% | W125: 23.45 | Y125: 23.45 | AC125: 23.45 | BH125: 0.00% | BI125: 0.00% | BJ125: 0.00% | BK125: 0.00% | BS125: 0.00% | BT125: 0.00% | BU125: 0.00% | BV125: 0.00% | CN125: Katherine Ibarra | CP125: 08/02/2023 | CQ125: Katherine Ibarra
A126: Oakland/San Francisco/San Jose | B126: UCB Gateway | C126: 210784 | E126: Higher Education | Laboratory / Research | 005 | 004 | F126: 368 | G126: Silverado Contractors | H126: Samantha Chen | I126: Argent Materials, Inc | J126: 8300 Baldwin St, Oakland, CA 94621 | L126: 06/14/2023 | M126: 45078 | N126: 7169074 | O126: Click Here To View | P126: Demolition | Q126: 26.07 | R126: 100.00% | S126: 0.00% | T126: 100.00% | U126: 0.00% | W126: 26.07 | Y126: 26.07 | AC126: 26.07 | BH126: 0.00% | BI126: 0.00% | BJ126: 0.00% | BK126: 0.00% | BS126: 0.00% | BT126: 0.00% | BU126: 0.00% | BV126: 0.00% | CN126: Katherine Ibarra | CP126: 08/02/2023 | CQ126: Katherine Ibarra
A127: Oakland/San Francisco/San Jose | B127: UCB Gateway | C127: 210784 | E127: Higher Education | Laboratory / Research | 005 | 004 | F127: 368 | G127: Silverado Contractors | H127: Samantha Chen | I127: Argent Materials, Inc | J127: 8300 Baldwin St, Oakland, CA 94621 | L127: 06/15/2023 | M127: 45078 | N127: 7169135 | O127: Click Here To View | P127: Demolition | Q127: 20.18 | R127: 100.00% | S127: 0.00% | T127: 100.00% | U127: 0.00% | W127: 20.18 | Y127: 20.18 | AC127: 20.18 | BH127: 0.00% | BI127: 0.00% | BJ127: 0.00% | BK127: 0.00% | BS127: 0.00% | BT127: 0.00% | BU127: 0.00% | BV127: 0.00% | CN127: Katherine Ibarra | CP127: 08/02/2023 | CQ127: Katherine Ibarra
... A185: Oakland/San Francisco/San Jose | B185: UCB Gateway | C185: 210784 | E185: Higher Education | Laboratory / Research | 005 | 004 | F185: 368 | G185: Garden of Eden Landscapes, Inc. | H185: Silvia Teixeria | I185: Certified Blue Recycling | J185: 2075 Williams St, San Leandro, CA 94577 | L185: 06/26/2023 | M185: 45078 | N185: 89178 | O185: Click Here To View | P185: Construction | Q185: 8.31 | R185: 100.00% | S185: 0.00% | T185: 100.00% | U185: 0.00% | W185: 8.31 | Y185: 8.31 | AC185: 8.31 | BH185: 0.00% | BI185: 0.00% | BJ185: 0.00% | BK185: 0.00% | BS185: 0.00% | BT185: 0.00% | BU185: 0.00% | BV185: 0.00% | CN185: Mike Teixeira | CP185: 01/29/2024 | CQ185: Mike Teixeira
A186: Oakland/San Francisco/San Jose | B186: UCB Gateway | C186: 210784 | E186: Higher Education | Laboratory / Research | 005 | 004 | F186: 368 | G186: Silverado Contractors | H186: Samantha Chen | I186: Schnitzer Steel - Oakland | J186: 1101 Embarcadero West, Oakland CA, Oakland, CA 94607 | L186: 06/01/2023 | M186: 45078 | N186: TBARTR | O186: Click Here To View | P186: Demolition | Q186: 5.7 | R186: 100.00% | S186: 0.00% | T186: 100.00% | U186: 0.00% | W186: 5.7 | Y186: 5.7 | AF186: 5.7 | BH186: 0.00% | BI186: 0.00% | BJ186: 0.00% | BK186: 0.00% | BS186: 0.00% | BT186: 0.00% | BU186: 0.00% | BV186: 0.00% | CN186: Katherine Ibarra | CP186: 08/01/2023 | CQ186: Katherine Ibarra
A187: Oakland/San Francisco/San Jose | B187: UCB Gateway | C187: 210784 | E187: Higher Education | Laboratory / Research | 005 | 004 | F187: 368 | G187: Silverado Contractors | H187: Samantha Chen | I187: Schnitzer Steel - Oakland | J187: 1101 Embarcadero West, Oakland CA, Oakland, CA 94607 | L187: 06/07/2023 | M187: 45078 | N187: TBBLHQ | O187: Click Here To View | P187: Demolition | Q187: 3.49 | R187: 100.00% | S187: 0.00% | T187: 100.00% | U187: 0.00% | W187: 3.49 | Y187: 3.49 | AF187: 3.49 | BH187: 0.00% | BI187: 0.00% | BJ187: 0.00% | BK187: 0.00% | BS187: 0.00% | BT187: 0.00% | BU187: 0.00% | BV187: 0.00% | CN187: Katherine Ibarra | CP187: 08/01/2023 | CQ187: Katherine Ibarra
A188: Oakland/San Francisco/San Jose | B188: UCB Gateway | C188: 210784 | E188: Higher Education | Laboratory / Research | 005 | 004 | F188: 368 | G188: Silverado Contractors | H188: Samantha Chen | I188: Schnitzer Steel - Oakland | J188: 1101 Embarcadero West, Oakland CA, Oakland, CA 94607 | L188: 06/16/2023 | M188: 45078 | N188: TBCXBU | O188: Click Here To View | P188: Demolition | Q188: 7.05 | R188: 100.00% | S188: 0.00% | T188: 100.00% | U188: 0.00% | W188: 7.05 | Y188: 7.05 | AF188: 7.05 | BH188: 0.00% | BI188: 0.00% | BJ188: 0.00% | BK188: 0.00% | BS188: 0.00% | BT188: 0.00% | BU188: 0.00% | BV188: 0.00% | CN188: Katherine Ibarra | CP188: 08/01/2023 | CQ188: Katherine Ibarra
A189: Oakland/San Francisco/San Jose | B189: UCB Gateway | C189: 210784 | E189: Higher Education | Laboratory / Research | 005 | 004 | F189: 368 | G189: Silverado Contractors | H189: Samantha Chen | I189: Schnitzer Steel - Oakland | J189: 1101 Embarcadero West, Oakland CA, Oakland, CA 94607 | L189: 06/23/2023 | M189: 45078 | N189: TBDVPA | O189: Click Here To View | P189: Demolition | Q189: 6.87 | R189: 100.00% | S189: 0.00% | T189: 100.00% | U189: 0.00% | W189: 6.87 | Y189: 6.87 | AF189: 6.87 | BH189: 0.00% | BI189: 0.00% | BJ189: 0.00% | BK189: 0.00% | BS189: 0.00% | BT189: 0.00% | BU189: 0.00% | BV189: 0.00% | CN189: Katherine Ibarra | CP189: 08/01/2023 | CQ189: Katherine Ibarra
A190: Oakland/San Francisco/San Jose | B190: UCB Gateway | C190: 210784 | E190: Higher Education | Laboratory / Research | 005 | 004 | F190: 368 | G190: Garden of Eden Landscapes, Inc. | H190: Silvia Teixeria | I190: Waste Management | J190: 2615 Davis Street, San Leandro, San Leandro, CA 94577 | L190: 06/05/2023 | M190: 45078 | N190: 5267850 | O190: Click Here To View | P190: Construction | Q190: 0.66 | R190: 30.30% | S190: 0.00% | T190: 30.30% | U190: 69.70% | W190: 0.2 | X190: 0.46 | Y190: 0.66 | Z190: 0.25 | AG190: 0.2 | AI190: 0.21 | BH190: 0.00% | BI190: 0.00% | BJ190: 0.00% | BK190: 0.00% | BS190: 0.00% | BT190: 0.00% | BU190: 0.00% | BV190: 0.00% | CN190: Silvia Teixeira | CP190: 06/21/2023 | CQ190: Silvia Teixeira
A191: Oakland/San Francisco/San Jose | B191: UCB Gateway | C191: 210784 | E191: Higher Education | Laboratory / Research | 005 | 004 | F191: 368 | G191: Garden of Eden Landscapes, Inc. | H191: Silvia Teixeria | I191: Waste Management | J191: 2615 Davis Street, San Leandro, San Leandro, CA 94577 | L191: 06/20/2023 | M191: 45078 | N191: 5278580 | O191: Click Here To View | P191: Construction | Q191: 1.53 | R191: 30.72% | S191: 0.00% | T191: 30.72% | U191: 69.28% | W191: 0.47 | X191: 1.06 | Y191: 1.53 | Z191: 0.58 | AG191: 0.47 | AI191: 0.48 | BH191: 0.00% | BI191: 0.00% | BJ191: 0.00% | BK191: 0.00% | BS191: 0.00% | BT191: 0.00% | BU191: 0.00% | BV191: 0.00% | CN191: Silvia Teixeira | CP191: 06/21/2023 | CQ191: Silvia Teixeira
A192: Oakland/San Francisco/San Jose | B192: UCB Gateway | C192: 210784 | E192: Higher Education | Laboratory / Research | 005 | 004 | F192: 368 | G192: Garden of Eden Landscapes, Inc. | H192: Silvia Teixeria | I192: Waste Management | J192: 2615 Davis Street, San Leandro, San Leandro, CA 94577 | L192: 06/22/2023 | M192: 45078 | N192: 5279929 | O192: Click Here To View | P192: Construction | Q192: 0.77 | R192: 31.17% | S192: 0.00% | T192: 31.17% | U192: 68.83% | W192: 0.24 | X192: 0.53 | Y192: 0.77 | Z192: 0.29 | AG192: 0.24 | AI192: 0.24 | BH192: 0.00% | BI192: 0.00% | BJ192: 0.00% | BK192: 0.00% | BS192: 0.00% | BT192: 0.00% | BU192: 0.00% | BV192: 0.00% | CN192: Silvia Teixeira | CP192: 10/02/2023 | CQ192: Silvia Teixeira
A193: Oakland/San Francisco/San Jose | B193: UCB Gateway | C193: 210784 | E193: Higher Education | Laboratory / Research | 005 | 004 | F193: 368 | G193: Garden of Eden Landscapes, Inc. | H193: Silvia Teixeria | I193: Certified Blue Recycling | J193: 2075 Williams St, San Leandro, CA 94577 | L193: 07/25/2023 | M193: 45108 | N193: 90256 | O193: Click Here To View | P193: Construction | Q193: 7.11 | R193: 100.00% | S193: 0.00% | T193: 100.00% | U193: 0.00% | W193: 7.11 | Y193: 7.11 | AC193: 7.11 | BH193: 0.00% | BI193: 0.00% | BJ193: 0.00% | BK193: 0.00% | BS193: 0.00% | BT193: 0.00% | BU193: 0.00% | BV193: 0.00% | CN193: Mike Teixeira | CP193: 01/29/2024 | CQ193: Mike Teixeira
A194: Oakland/San Francisco/San Jose | B194: UCB Gateway | C194: 210784 | E194: Higher Education | Laboratory / Research | 005 | 004 | F194: 368 | G194: Silverado Contractors | H194: Samantha Chen | I194: Excess Recovery, INC. | J194: 1801 Evans Avenue, San Francisco, CA 94124, San Francisco, CA 94124 | L194: 07/05/2023 | M194: 45108 | N194: 42099 | O194: Click Here To View | P194: Demolition | Q194: 5.28 | R194: 29.00% | S194: 0.00% | T194: 29.00% | U194: 71.00% | W194: 1.5312 | X194: 3.7488 | Y194: 5.28 | AY194: 3.7488 | BD194: 1.5312 | BH194: 0.00% | BI194: 0.00% | BJ194: 0.00% | BK194: 0.00% | BS194: 0.00% | BT194: 0.00% | BU194: 0.00% | BV194: 0.00% | CN194: Katherine Ibarra | CP194: 08/02/2023 | CQ194: Katherine Ibarra
A195: Oakland/San Francisco/San Jose | B195: UCB Gateway | C195: 210784 | E195: Higher Education | Laboratory / Research | 005 | 004 | F195: 368 | G195: Garden of Eden Landscapes, Inc. | H195: Silvia Teixeria | I195: Waste Management | J195: 2615 Davis Street, San Leandro, San Leandro, CA 94577 | L195: 07/05/2023 | M195: 45108 | N195: 5288699 | O195: Click Here To View | P195: Construction | Q195: 3.61 | R195: 100.00% | S195: 0.00% | T195: 100.00% | U195: 0.00% | W195: 3.61 | Y195: 3.61 | BE195: 3.61 | BH195: 0.00% | BI195: 0.00% | BJ195: 0.00% | BK195: 0.00% | BS195: 0.00% | BT195: 0.00% | BU195: 0.00% | BV195: 0.00% | CN195: Silvia Teixeira | CP195: 07/13/2023 | CQ195: Silvia Teixeira
A196: Oakland/San Francisco/San Jose | B196: UCB Gateway | C196: 210784 | E196: Higher Education | Laboratory / Research | 005 | 004 | F196: 368 | G196: Garden of Eden Landscapes, Inc. | H196: Silvia Teixeria | I196: Waste Management | J196: 2615 Davis Street, San Leandro, San Leandro, CA 94577 | L196: 07/25/2023 | M196: 45108 | N196: 5302161 | O196: Click Here To View | P196: Construction | Q196: 4.31 | R196: 100.00% | S196: 0.00% | T196: 100.00% | U196: 0.00% | W196: 4.31 | Y196: 4.31 | BE196: 4.31 | BH196: 0.00% | BI196: 0.00% | BJ196: 0.00% | BK196: 0.00% | BS196: 0.00% | BT196: 0.00% | BU196: 0.00% | BV196: 0.00% | CN196: Mike Teixeira | CP196: 10/02/2023 | CQ196: Mike Teixeira
A197: Oakland/San Francisco/San Jose | B197: UCB Gateway | C197: 210784 | E197: Higher Education | Laboratory / Research | 005 | 004 | F197: 368 | G197: Garden of Eden Landscapes, Inc. | H197: Silvia Teixeria | I197: Certified Blue Recycling | J197: 2075 Williams St, San Leandro, CA 94577 | L197: 08/10/2023 | M197: 45139 | N197: 90836 | O197: Click Here To View | P197: Construction | Q197: 8.53 | R197: 100.00% | S197: 0.00% | T197: 100.00% | U197: 0.00% | W197: 8.53 | Y197: 8.53 | AC197: 8.53 | BH197: 0.00% | BI197: 0.00% | BJ197: 0.00% | BK197: 0.00% | BS197: 0.00% | BT197: 0.00% | BU197: 0.00% | BV197: 0.00% | CN197: Mike Teixeira | CP197: 01/29/2024 | CQ197: Mike Teixeira
A198: Oakland/San Francisco/San Jose | B198: UCB Gateway | C198: 210784 | E198: Higher Education | Laboratory / Research | 005 | 004 | F198: 368 | G198: Garden of Eden Landscapes, Inc. | H198: Silvia Teixeria | I198: Certified Blue Recycling | J198: 2075 Williams St, San Leandro, CA 94577 | L198: 08/30/2023 | M198: 45139 | N198: 91497 | O198: Click Here To View | P198: Construction | Q198: 8.84 | R198: 100.00% | S198: 0.00% | T198: 100.00% | U198: 0.00% | W198: 8.84 | Y198: 8.84 | AC198: 8.84 | BH198: 0.00% | BI198: 0.00% | BJ198: 0.00% | BK198: 0.00% | BS198: 0.00% | BT198: 0.00% | BU198: 0.00% | BV198: 0.00% | CN198: Mike Teixeira | CP198: 01/29/2024 | CQ198: Mike Teixeira
A199: Oakland/San Francisco/San Jose | B199: UCB Gateway | C199: 210784 | E199: Higher Education | Laboratory / Research | 005 | 004 | F199: 368 | G199: Garden of Eden Landscapes, Inc. | H199: Silvia Teixeria | I199: Waste Management | J199: 2615 Davis Street, San Leandro, San Leandro, CA 94577 | L199: 08/02/2023 | M199: 45139 | N199: 5307622 | O199: Click Here To View | P199: Construction | Q199: 4.01 | R199: 100.00% | S199: 0.00% | T199: 100.00% | U199: 0.00% | W199: 4.01 | Y199: 4.01 | BE199: 4.01 | BH199: 0.00% | BI199: 0.00% | BJ199: 0.00% | BK199: 0.00% | BS199: 0.00% | BT199: 0.00% | BU199: 0.00% | BV199: 0.00% | CN199: Mike Teixeira | CP199: 10/02/2023 | CQ199: Mike Teixeira
A200: Oakland/San Francisco/San Jose | B200: UCB Gateway | C200: 210784 | E200: Higher Education | Laboratory / Research | 005 | 004 | F200: 368 | G200: Garden of Eden Landscapes, Inc. | H200: Silvia Teixeria | I200: Waste Management | J200: 2615 Davis Street, San Leandro, San Leandro, CA 94577 | L200: 08/09/2023 | M200: 45139 | N200: 5312631 | O200: Click Here To View | P200: Construction | Q200: 4.04 | R200: 100.00% | S200: 0.00% | T200: 100.00% | U200: 0.00% | W200: 4.04 | Y200: 4.04 | BE200: 4.04 | BH200: 0.00% | BI200: 0.00% | BJ200: 0.00% | BK200: 0.00% | BS200: 0.00% | BT200: 0.00% | BU200: 0.00% | BV200: 0.00% | CN200: Mike Teixeira | CP200: 10/02/2023 | CQ200: Mike Teixeira
A201: Oakland/San Francisco/San Jose | B201: UCB Gateway | C201: 210784 | E201: Higher Education | Laboratory / Research | 005 | 004 | F201: 368 | G201: Garden of Eden Landscapes, Inc. | H201: Silvia Teixeria | I201: Waste Management | J201: 2615 Davis Street, San Leandro, San Leandro, CA 94577 | L201: 08/17/2023 | M201: 45139 | N201: 5317934 | O201: Click Here To View | P201: Construction | Q201: 4.39 | R201: 100.00% | S201: 0.00% | T201: 100.00% | U201: 0.00% | W201: 4.39 | Y201: 4.39 | BE201: 4.39 | BH201: 0.00% | BI201: 0.00% | BJ201: 0.00% | BK201: 0.00% | BS201: 0.00% | BT201: 0.00% | BU201: 0.00% | BV201: 0.00% | CN201: Mike Teixeira | CP201: 10/02/2023 | CQ201: Mike Teixeira
A202: Oakland/San Francisco/San Jose | B202: UCB Gateway | C202: 210784 | E202: Higher Education | Laboratory / Research | 005 | 004 | F202: 368 | G202: Garden of Eden Landscapes, Inc. | H202: Silvia Teixeria | I202: Waste Management | J202: 2615 Davis Street, San Leandro, San Leandro, CA 94577 | L202: 08/23/2023 | M202: 45139 | N202: 5321900 | O202: Click Here To View | P202: Construction | Q202: 3.82 | R202: 100.00% | S202: 0.00% | T202: 100.00% | U202: 0.00% | W202: 3.82 | Y202: 3.82 | BE202: 3.82 | BH202: 0.00% | BI202: 0.00% | BJ202: 0.00% | BK202: 0.00% | BS202: 0.00% | BT202: 0.00% | BU202: 0.00% | BV202: 0.00% | CN202: Mike Teixeira | CP202: 10/02/2023 | CQ202: Mike Teixeira
A203: Oakland/San Francisco/San Jose | B203: UCB Gateway | C203: 210784 | E203: Higher Education | Laboratory / Research | 005 | 004 | F203: 368 | G203: Garden of Eden Landscapes, Inc. | H203: Silvia Teixeria | I203: Waste Management | J203: 2615 Davis Street, San Leandro, San Leandro, CA 94577 | L203: 08/28/2023 | M203: 45139 | N203: 5324791 | O203: Click Here To View | P203: Construction | Q203: 3.14 | R203: 100.00% | S203: 0.00% | T203: 100.00% | U203: 0.00% | W203: 3.14 | Y203: 3.14 | BE203: 3.14 | BH203: 0.00% | BI203: 0.00% | BJ203: 0.00% | BK203: 0.00% | BS203: 0.00% | BT203: 0.00% | BU203: 0.00% | BV203: 0.00% | CN203: Mike Teixeira | CP203: 10/02/2023 | CQ203: Mike Teixeira
A204: Oakland/San Francisco/San Jose | B204: UCB Gateway | C204: 210784 | E204: Higher Education | Laboratory / Research | 005 | 004 | F204: 368 | G204: Garden of Eden Landscapes, Inc. | H204: Silvia Teixeria | I204: Certified Blue Recycling | J204: 2075 Williams St, San Leandro, CA 94577 | L204: 09/13/2023 | M204: 45170 | N204: 91934 | O204: Click Here To View | P204: Construction | Q204: 7.92 | R204: 100.00% | S204: 0.00% | T204: 100.00% | U204: 0.00% | W204: 7.92 | Y204: 7.92 | AC204: 7.92 | BH204: 0.00% | BI204: 0.00% | BJ204: 0.00% | BK204: 0.00% | BS204: 0.00% | BT204: 0.00% | BU204: 0.00% | BV204: 0.00% | CN204: Mike Teixeira | CP204: 01/29/2024 | CQ204: Mike Teixeira
A205: Oakland/San Francisco/San Jose | B205: UCB Gateway | C205: 210784 | E205: Higher Education | Laboratory / Research | 005 | 004 | F205: 368 | G205: Garden of Eden Landscapes, Inc. | H205: Silvia Teixeria | I205: Certified Blue Recycling | J205: 2075 Williams St, San Leandro, CA 94577 | L205: 09/28/2023 | M205: 45170 | N205: 92512 | O205: Click Here To View | P205: Construction | Q205: 9.88 | R205: 100.00% | S205: 0.00% | T205: 100.00% | U205: 0.00% | W205: 9.88 | Y205: 9.88 | AC205: 9.88 | BH205: 0.00% | BI205: 0.00% | BJ205: 0.00% | BK205: 0.00% | BS205: 0.00% | BT205: 0.00% | BU205: 0.00% | BV205: 0.00% | CN205: Mike Teixeira | CP205: 01/29/2024 | CQ205: Mike Teixeira
A206: Oakland/San Francisco/San Jose | B206: UCB Gateway | C206: 210784 | E206: Higher Education | Laboratory / Research | 005 | 004 | F206: 368 | G206: Garden of Eden Landscapes, Inc. | H206: Silvia Teixeria | I206: Waste Management | J206: 2615 Davis Street, San Leandro, San Leandro, CA 94577 | L206: 09/07/2023 | M206: 45170 | N206: 5331804 | O206: Click Here To View | P206: Construction | Q206: 3.53 | R206: 100.00% | S206: 0.00% | T206: 100.00% | U206: 0.00% | W206: 3.53 | Y206: 3.53 | BE206: 3.53 | BH206: 0.00% | BI206: 0.00% | BJ206: 0.00% | BK206: 0.00% | BS206: 0.00% | BT206: 0.00% | BU206: 0.00% | BV206: 0.00% | CN206: Mike Teixeira | CP206: 10/02/2023 | CQ206: Mike Teixeira
A207: Oakland/San Francisco/San Jose | B207: UCB Gateway | C207: 210784 | E207: Higher Education | Laboratory / Research | 005 | 004 | F207: 368 | G207: Garden of Eden Landscapes, Inc. | H207: Silvia Teixeria | I207: Waste Management | J207: 2615 Davis Street, San Leandro, San Leandro, CA 94577 | L207: 09/12/2023 | M207: 45170 | N207: 5335115 | O207: Click Here To View | P207: Construction | Q207: 3.1 | R207: 100.00% | S207: 0.00% | T207: 100.00% | U207: 0.00% | W207: 3.1 | Y207: 3.1 | BE207: 3.1 | BH207: 0.00% | BI207: 0.00% | BJ207: 0.00% | BK207: 0.00% | BS207: 0.00% | BT207: 0.00% | BU207: 0.00% | BV207: 0.00% | CN207: Mike Teixeira | CP207: 10/02/2023 | CQ207: Mike Teixeira
A208: Oakland/San Francisco/San Jose | B208: UCB Gateway | C208: 210784 | E208: Higher Education | Laboratory / Research | 005 | 004 | F208: 368 | G208: Garden of Eden Landscapes, Inc. | H208: Silvia Teixeria | I208: Waste Management | J208: 2615 Davis Street, San Leandro, San Leandro, CA 94577 | L208: 09/15/2023 | M208: 45170 | N208: 5337769 | O208: Click Here To View | P208: Construction | Q208: 2.66 | R208: 100.00% | S208: 0.00% | T208: 100.00% | U208: 0.00% | W208: 2.66 | Y208: 2.66 | BE208: 2.66 | BH208: 0.00% | BI208: 0.00% | BJ208: 0.00% | BK208: 0.00% | BS208: 0.00% | BT208: 0.00% | BU208: 0.00% | BV208: 0.00% | CN208: Mike Teixeira | CP208: 10/02/2023 | CQ208: Mike Teixeira
A209: Oakland/San Francisco/San Jose | B209: UCB Gateway | C209: 210784 | E209: Higher Education | Laboratory / Research | 005 | 004 | F209: 368 | G209: Garden of Eden Landscapes, Inc. | H209: Silvia Teixeria | I209: Waste Management | J209: 2615 Davis Street, San Leandro, San Leandro, CA 94577 | L209: 09/22/2023 | M209: 45170 | N209: 5342159 | O209: Click Here To View | P209: Construction | Q209: 3.46 | R209: 100.00% | S209: 0.00% | T209: 100.00% | U209: 0.00% | W209: 3.46 | Y209: 3.46 | BE209: 3.46 | BH209: 0.00% | BI209: 0.00% | BJ209: 0.00% | BK209: 0.00% | BS209: 0.00% | BT209: 0.00% | BU209: 0.00% | BV209: 0.00% | CN209: Mike Teixeira | CP209: 10/02/2023 | CQ209: Mike Teixeira
A210: Oakland/San Francisco/San Jose | B210: UCB Gateway | C210: 210784 | E210: Higher Education | Laboratory / Research | 005 | 004 | F210: 368 | G210: Garden of Eden Landscapes, Inc. | H210: Silvia Teixeria | I210: Waste Management | J210: 2615 Davis Street, San Leandro, San Leandro, CA 94577 | L210: 09/28/2023 | M210: 45170 | N210: 5345896 | O210: Click Here To View | P210: Construction | Q210: 3.39 | R210: 100.00% | S210: 0.00% | T210: 100.00% | U210: 0.00% | W210: 3.39 | Y210: 3.39 | BE210: 3.39 | BH210: 0.00% | BI210: 0.00% | BJ210: 0.00% | BK210: 0.00% | BS210: 0.00% | BT210: 0.00% | BU210: 0.00% | BV210: 0.00% | CN210: Mike Teixeira | CP210: 10/02/2023 | CQ210: Mike Teixeira
A211: Oakland/San Francisco/San Jose | B211: UCB Gateway | C211: 210784 | E211: Higher Education | Laboratory / Research | 005 | 004 | F211: 368 | G211: Garden of Eden Landscapes, Inc. | H211: Silvia Teixeria | I211: Certified Blue Recycling | J211: 2075 Williams St, San Leandro, CA 94577 | L211: 10/03/2023 | M211: 45200 | N211: 92675 | O211: Click Here To View | P211: Construction | Q211: 13.16 | R211: 100.00% | S211: 0.00% | T211: 100.00% | U211: 0.00% | W211: 13.16 | Y211: 13.16 | AC211: 13.16 | BH211: 0.00% | BI211: 0.00% | BJ211: 0.00% | BK211: 0.00% | BS211: 0.00% | BT211: 0.00% | BU211: 0.00% | BV211: 0.00% | CN211: Mike Teixeira | CP211: 01/29/2024 | CQ211: Mike Teixeira
A212: Oakland/San Francisco/San Jose | B212: UCB Gateway | C212: 210784 | E212: Higher Education | Laboratory / Research | 005 | 004 | F212: 368 | G212: Garden of Eden Landscapes, Inc. | H212: Silvia Teixeria | I212: Certified Blue Recycling | J212: 2075 Williams St, San Leandro, CA 94577 | L212: 10/18/2023 | M212: 45200 | N212: 93334 | O212: Click Here To View | P212: Construction | Q212: 9.44 | R212: 100.00% | S212: 0.00% | T212: 100.00% | U212: 0.00% | W212: 9.44 | Y212: 9.44 | AC212: 9.44 | BH212: 0.00% | BI212: 0.00% | BJ212: 0.00% | BK212: 0.00% | BS212: 0.00% | BT212: 0.00% | BU212: 0.00% | BV212: 0.00% | CN212: Mike Teixeira | CP212: 01/29/2024 | CQ212: Mike Teixeira
A213: Oakland/San Francisco/San Jose | B213: UCB Gateway | C213: 210784 | E213: Higher Education | Laboratory / Research | 005 | 004 | F213: 368 | G213: Garden of Eden Landscapes, Inc. | H213: Silvia Teixeria | I213: Certified Blue Recycling | J213: 2075 Williams St, San Leandro, CA 94577 | L213: 10/30/2023 | M213: 45200 | N213: 93826 | O213: Click Here To View | P213: Construction | Q213: 8.74 | R213: 100.00% | S213: 0.00% | T213: 100.00% | U213: 0.00% | W213: 8.74 | Y213: 8.74 | AC213: 8.74 | BH213: 0.00% | BI213: 0.00% | BJ213: 0.00% | BK213: 0.00% | BS213: 0.00% | BT213: 0.00% | BU213: 0.00% | BV213: 0.00% | CN213: Mike Teixeira | CP213: 01/29/2024 | CQ213: Mike Teixeira
A214: Oakland/San Francisco/San Jose | B214: UCB Gateway | C214: 210784 | E214: Higher Education | Laboratory / Research | 005 | 004 | F214: 368 | G214: Silverado Contractors | H214: Samantha Chen | I214: Benecia Dirt Site | J214: 1 Lake Herman Road, Benicia, CA 94510 | L214: 10/17/2023 | M214: 45200 | N214: N/A | O214: Click Here To View | P214: Demolition | Q214: 40575.9 | R214: 0.00% | S214: 0.00% | T214: 0.00% | U214: 0.00% | BH214: 100.00% | BI214: 0.00% | BJ214: 100.00% | BK214: 0.00% | BM214: 40575.9 | BO214: 40575.9 | BP214: 40575.9 | BS214: 0.00% | BT214: 0.00% | BU214: 0.00% | BV214: 0.00% | CN214: Katherine Ibarra | CP214: 10/18/2023 | CQ214: Katherine Ibarra
A215: Oakland/San Francisco/San Jose | B215: UCB Gateway | C215: 210784 | E215: Higher Education | Laboratory / Research | 005 | 004 | F215: 368 | G215: Silverado Contractors | H215: Samantha Chen | I215: Tandems Inc. | J215: 4001 W Winton Ave, Hayward, Hayward, CA 94545 | L215: 10/17/2023 | M215: 45200 | N215: N/A | O215: Click Here To View | P215: Demolition | Q215: 12015.6 | R215: 0.00% | S215: 0.00% | T215: 0.00% | U215: 0.00% | BH215: 100.00% | BI215: 0.00% | BJ215: 100.00% | BK215: 0.00% | BM215: 12015.6 | BO215: 12015.6 | BP215: 12015.6 | BS215: 0.00% | BT215: 0.00% | BU215: 0.00% | BV215: 0.00% | CN215: Katherine Ibarra | CP215: 10/18/2023 | CQ215: Katherine Ibarra
A216: Oakland/San Francisco/San Jose | B216: UCB Gateway | C216: 210784 | E216: Higher Education | Laboratory / Research | 005 | 004 | F216: 368 | G216: Silverado Contractors | H216: Samantha Chen | I216: Tracy Dirt Site | J216: 29272 Corral Hollow Rd, Tracy, Tracy, CA 95377 | L216: 10/17/2023 | M216: 45200 | N216: N/A | O216: Click Here To View | P216: Demolition | Q216: 6593.7 | R216: 0.00% | S216: 0.00% | T216: 0.00% | U216: 0.00% | BH216: 100.00% | BI216: 0.00% | BJ216: 100.00% | BK216: 0.00% | BM216: 6593.7 | BO216: 6593.7 | BP216: 6593.7 | BS216: 0.00% | BT216: 0.00% | BU216: 0.00% | BV216: 0.00% | CN216: Katherine Ibarra | CP216: 10/18/2023 | CQ216: Katherine Ibarra
A217: Oakland/San Francisco/San Jose | B217: UCB Gateway | C217: 210784 | E217: Higher Education | Laboratory / Research | 005 | 004 | F217: 368 | G217: Garden of Eden Landscapes, Inc. | H217: Silvia Teixeria | I217: Waste Management | J217: 2615 Davis Street, San Leandro, San Leandro, CA 94577 | L217: 10/17/2023 | M217: 45200 | N217: 5358330 | O217: Click Here To View | P217: Construction | Q217: 3.93 | R217: 100.00% | S217: 0.00% | T217: 100.00% | U217: 0.00% | W217: 3.93 | Y217: 3.93 | AG217: 2.8056 | AY217: 1.1244 | BH217: 0.00% | BI217: 0.00% | BJ217: 0.00% | BK217: 0.00% | BS217: 0.00% | BT217: 0.00% | BU217: 0.00% | BV217: 0.00% | CN217: Mike Teixeira | CP217: 11/28/2023 | CQ217: Mike Teixeira
A218: Oakland/San Francisco/San Jose | B218: UCB Gateway | C218: 210784 | E218: Higher Education | Laboratory / Research | 005 | 004 | F218: 368 | G218: Garden of Eden Landscapes, Inc. | H218: Silvia Teixeria | I218: Waste Management | J218: 2615 Davis Street, San Leandro, San Leandro, CA 94577 | L218: 10/03/2023 | M218: 45200 | N218: 5349320 | O218: Click Here To View | P218: Construction | Q218: 2.86 | R218: 100.00% | S218: 0.00% | T218: 100.00% | U218: 0.00% | W218: 2.86 | Y218: 2.86 | BE218: 2.86 | BH218: 0.00% | BI218: 0.00% | BJ218: 0.00% | BK218: 0.00% | BS218: 0.00% | BT218: 0.00% | BU218: 0.00% | BV218: 0.00% | CN218: Mike Teixeira | CP218: 11/28/2023 | CQ218: Mike Teixeira
A219: Oakland/San Francisco/San Jose | B219: UCB Gateway | C219: 210784 | E219: Higher Education | Laboratory / Research | 005 | 004 | F219: 368 | G219: Garden of Eden Landscapes, Inc. | H219: Silvia Teixeria | I219: Waste Management | J219: 2615 Davis Street, San Leandro, San Leandro, CA 94577 | L219: 10/07/2023 | M219: 45200 | N219: 5352192 | O219: Click Here To View | P219: Construction | Q219: 3.05 | R219: 100.00% | S219: 0.00% | T219: 100.00% | U219: 0.00% | W219: 3.05 | Y219: 3.05 | BE219: 3.05 | BH219: 0.00% | BI219: 0.00% | BJ219: 0.00% | BK219: 0.00% | BS219: 0.00% | BT219: 0.00% | BU219: 0.00% | BV219: 0.00% | CN219: Mike Teixeira | CP219: 11/28/2023 | CQ219: Mike Teixeira
A220: Oakland/San Francisco/San Jose | B220: UCB Gateway | C220: 210784 | E220: Higher Education | Laboratory / Research | 005 | 004 | F220: 368 | G220: Garden of Eden Landscapes, Inc. | H220: Silvia Teixeria | I220: Waste Management | J220: 2615 Davis Street, San Leandro, San Leandro, CA 94577 | L220: 10/11/2023 | M220: 45200 | N220: 5354344 | O220: Click Here To View | P220: Construction | Q220: 3.37 | R220: 100.00% | S220: 0.00% | T220: 100.00% | U220: 0.00% | W220: 3.37 | Y220: 3.37 | BE220: 3.37 | BH220: 0.00% | BI220: 0.00% | BJ220: 0.00% | BK220: 0.00% | BS220: 0.00% | BT220: 0.00% | BU220: 0.00% | BV220: 0.00% | CN220: Mike Teixeira | CP220: 11/28/2023 | CQ220: Mike Teixeira
A221: Oakland/San Francisco/San Jose | B221: UCB Gateway | C221: 210784 | E221: Higher Education | Laboratory / Research | 005 | 004 | F221: 368 | G221: Garden of Eden Landscapes, Inc. | H221: Silvia Teixeria | I221: Waste Management | J221: 2615 Davis Street, San Leandro, San Leandro, CA 94577 | L221: 10/21/2023 | M221: 45200 | N221: 5361249 | O221: Click Here To View | P221: Construction | Q221: 3.51 | R221: 100.00% | S221: 0.00% | T221: 100.00% | U221: 0.00% | W221: 3.51 | Y221: 3.51 | BE221: 3.51 | BH221: 0.00% | BI221: 0.00% | BJ221: 0.00% | BK221: 0.00% | BS221: 0.00% | BT221: 0.00% | BU221: 0.00% | BV221: 0.00% | CN221: Mike Teixeira | CP221: 01/02/2024 | CQ221: Mike Teixeira
A222: Oakland/San Francisco/San Jose | B222: UCB Gateway | C222: 210784 | E222: Higher Education | Laboratory / Research | 005 | 004 | F222: 368 | G222: Garden of Eden Landscapes, Inc. | H222: Silvia Teixeria | I222: Waste Management | J222: 2615 Davis Street, San Leandro, San Leandro, CA 94577 | L222: 10/24/2023 | M222: 45200 | N222: 5362709 | O222: Click Here To View | P222: Construction | Q222: 4.34 | R222: 100.00% | S222: 0.00% | T222: 100.00% | U222: 0.00% | W222: 4.34 | Y222: 4.34 | BE222: 4.34 | BH222: 0.00% | BI222: 0.00% | BJ222: 0.00% | BK222: 0.00% | BS222: 0.00% | BT222: 0.00% | BU222: 0.00% | BV222: 0.00% | CN222: Mike Teixeira | CP222: 01/02/2024 | CQ222: Mike Teixeira
A223: Oakland/San Francisco/San Jose | B223: UCB Gateway | C223: 210784 | E223: Higher Education | Laboratory / Research | 005 | 004 | F223: 368 | G223: Garden of Eden Landscapes, Inc. | H223: Silvia Teixeria | I223: Waste Management | J223: 2615 Davis Street, San Leandro, San Leandro, CA 94577 | L223: 10/25/2023 | M223: 45200 | N223: 5363736 | O223: Click Here To View | P223: Construction | Q223: 4.73 | R223: 100.00% | S223: 0.00% | T223: 100.00% | U223: 0.00% | W223: 4.73 | Y223: 4.73 | BE223: 4.73 | BH223: 0.00% | BI223: 0.00% | BJ223: 0.00% | BK223: 0.00% | BS223: 0.00% | BT223: 0.00% | BU223: 0.00% | BV223: 0.00% | CN223: Mike Teixeira | CP223: 01/02/2024 | CQ223: Mike Teixeira
A224: Oakland/San Francisco/San Jose | B224: UCB Gateway | C224: 210784 | E224: Higher Education | Laboratory / Research | 005 | 004 | F224: 368 | G224: Garden of Eden Landscapes, Inc. | H224: Silvia Teixeria | I224: Waste Management | J224: 2615 Davis Street, San Leandro, San Leandro, CA 94577 | L224: 10/26/2023 | M224: 45200 | N224: 5364344 | O224: Click Here To View | P224: Construction | Q224: 3.83 | R224: 100.00% | S224: 0.00% | T224: 100.00% | U224: 0.00% | W224: 3.83 | Y224: 3.83 | BE224: 3.83 | BH224: 0.00% | BI224: 0.00% | BJ224: 0.00% | BK224: 0.00% | BS224: 0.00% | BT224: 0.00% | BU224: 0.00% | BV224: 0.00% | CN224: Mike Teixeira | CP224: 01/02/2024 | CQ224: Mike Teixeira
A225: Oakland/San Francisco/San Jose | B225: UCB Gateway | C225: 210784 | E225: Higher Education | Laboratory / Research | 005 | 004 | F225: 368 | G225: Garden of Eden Landscapes, Inc. | H225: Silvia Teixeria | I225: Waste Management | J225: 2615 Davis Street, San Leandro, San Leandro, CA 94577 | L225: 10/25/2023 | M225: 45200 | N225: 5363685 | O225: Click Here To View | P225: Construction | Q225: 2.43 | R225: 100.00% | S225: 0.00% | T225: 100.00% | U225: 0.00% | W225: 2.43 | Y225: 2.43 | BE225: 2.43 | BH225: 0.00% | BI225: 0.00% | BJ225: 0.00% | BK225: 0.00% | BS225: 0.00% | BT225: 0.00% | BU225: 0.00% | BV225: 0.00% | CN225: Mike Teixeira | CP225: 01/02/2024 | CQ225: Mike Teixeira
A226: Oakland/San Francisco/San Jose | B226: UCB Gateway | C226: 210784 | E226: Higher Education | Laboratory / Research | 005 | 004 | F226: 368 | G226: Garden of Eden Landscapes, Inc. | H226: Silvia Teixeria | I226: Waste Management | J226: 2615 Davis Street, San Leandro, San Leandro, CA 94577 | L226: 10/27/2023 | M226: 45200 | N226: 5365090 | O226: Click Here To View | P226: Construction | Q226: 0.93 | R226: 100.00% | S226: 0.00% | T226: 100.00% | U226: 0.00% | W226: 0.93 | Y226: 0.93 | BE226: 0.93 | BH226: 0.00% | BI226: 0.00% | BJ226: 0.00% | BK226: 0.00% | BS226: 0.00% | BT226: 0.00% | BU226: 0.00% | BV226: 0.00% | CN226: Mike Teixeira | CP226: 01/02/2024 | CQ226: Mike Teixeira
A227: Oakland/San Francisco/San Jose | B227: UCB Gateway | C227: 210784 | E227: Higher Education | Laboratory / Research | 005 | 004 | F227: 368 | G227: Garden of Eden Landscapes, Inc. | H227: Silvia Teixeria | I227: Waste Management | J227: 2615 Davis Street, San Leandro, San Leandro, CA 94577 | L227: 10/27/2023 | M227: 45200 | N227: 5365222 | O227: Click Here To View | P227: Construction | Q227: 3.45 | R227: 100.00% | S227: 0.00% | T227: 100.00% | U227: 0.00% | W227: 3.45 | Y227: 3.45 | BE227: 3.45 | BH227: 0.00% | BI227: 0.00% | BJ227: 0.00% | BK227: 0.00% | BS227: 0.00% | BT227: 0.00% | BU227: 0.00% | BV227: 0.00% | CN227: Mike Teixeira | CP227: 01/02/2024 | CQ227: Mike Teixeira
...

Sheet Entire Project Overiew
A1: GATEWAY CONSTRUCTION TRUE COST BENEFIT ANALYSIS (for entire project)
A3: Total Cost Savings with TRUE
A4: Total Costs (pursuing TRUE) | D4: =B34+H42 -> 5569112.9
A5: Total Costs (not pursuing TRUE) | D5: =H34+B42 -> 7419040.3
A6: Total Cost Savings from source seperating | D6: =D5-D4 -> 1849927.3
A8: Gateway Hauling Metrics with TRUE (>90% Diversion) | G8: Typical Hauling Metrics without TRUE (no source seperation) | M8: Hauling Cost References
A9: Fixed Costs | G9: Fixed Costs | M9: Category | N9: Payment or Rebate | O9: Fixed Haul Fee | P9: Disposal Fee | Q9: Disposal Unit | R9: Disposal Fee (tons)
A10: Number of total hauls | B10: Fixed Haul fee | C10: Total fixed hauling fee | G10: Number of total hauls | H10: Fixed Haul fee | I10: Total fixed hauling fee | M10: Municipal Waste Services:
A11: =COUNTA('Raw Data'!H11:H1217) -> 1207 | B11: =O11 -> 545 | C11: =A11*B11 -> 657815 | G11: =COUNTA('Raw Data'!N11:N1217) -> 1207 | H11: =O11 -> 545 | I11: {=(G11-(COUNT(_xlfn._xlws.FILTER('Raw Data'!AL11:AL1217,'Raw Data'!AL11:AL1217*-$R$18>$B$11)))-(COUNT(_xlfn._xlws.FILTER('Raw Data'!AH11:AH1217,'Raw Data'!AH11:AH1217*-$R$19>$B$11))))*H11} -> 657815 | M11: MSW Trash | N11: Payment | O11: 545 | P11: 50 | Q11: 1 yd Pull | R11: 100
M12: Recycling | N12: Payment | O12: 545 | P12: 50 | Q12: 1 yd Pull | R12: 100
A13: Variable Costs | G13: Variable Costs | M13: Compost | N13: Payment | O13: 545 | P13: 50 | Q13: 1 yd Pull | R13: 100
A14: Material | B14: Category | C14: Disposal Fee (tons) | D14: Tons | E14: Total Cost | G14: Material | H14: Category | I14: Disposal Fee (tons) | J14: Tons | K14: Total Cost | M14: C&D Waste Services:
A15: Alternate Daily Cover (ADC) | B15: =M15 -> Mixed C&D | C15: {=_xlfn.XLOOKUP(B15,_xlfn.VSTACK($M$11:$M$13,$M$15:$M$21),_xlfn.VSTACK($R$11:$R$13,$R$15:$R$21))} -> 100 | D15: 354.4339 | E15: =C15*D15 -> 35443.39 | G15: Alternate Daily Cover (ADC) | H15: =$M$15 -> Mixed C&D | I15: {=_xlfn.XLOOKUP(H15,_xlfn.VSTACK($M$11:$M$13,$M$15:$M$21),_xlfn.VSTACK($R$11:$R$13,$R$15:$R$21))} -> 100 | J15: 354.4339 | K15: =I15*J15 -> 35443.39 | M15: Mixed C&D | N15: Payment | O15: 545 | P15: 100 | Q15: Tons | R15: =P15 -> 100
A16: Asphalt - Pavement & Grinding | B16: =M20 -> Concrete & dirt | C16: {=_xlfn.XLOOKUP(B16,_xlfn.VSTACK($M$11:$M$13,$M$15:$M$21),_xlfn.VSTACK($R$11:$R$13,$R$15:$R$21))} -> 73 | D16: 380.4215 | E16: =C16*D16 -> 27770.769 | G16: Asphalt - Pavement & Grinding | H16: =$M$15 -> Mixed C&D | I16: {=_xlfn.XLOOKUP(H16,_xlfn.VSTACK($M$11:$M$13,$M$15:$M$21),_xlfn.VSTACK($R$11:$R$13,$R$15:$R$21))} -> 100 | J16: 380.4215 | K16: =I16*J16 -> 38042.15 | M16: Wood | N16: Payment | O16: 545 | P16: 85 | Q16: Tons | R16: =P16 -> 85
A17: Cardboard & Paper Products | B17: =M19 -> Cardboard | C17: {=_xlfn.XLOOKUP(B17,_xlfn.VSTACK($M$11:$M$13,$M$15:$M$21),_xlfn.VSTACK($R$11:$R$13,$R$15:$R$21))} -> -50 | D17: 10.009 | E17: {=((SUMPRODUCT((('Raw Data'!AB11:AB1217*-$R$19)>$B$11)*'Raw Data'!AB11:AB1217))*$R$19)+(COUNT(_xlfn._xlws.FILTER('Raw Data'!AB11:AB1217,'Raw Data'!AB11:AB1217*-$R$19>$B$11))*B11)} -> 0 | G17: Cardboard & Paper Products | H17: =$M$15 -> Mixed C&D | I17: {=_xlfn.XLOOKUP(H17,_xlfn.VSTACK($M$11:$M$13,$M$15:$M$21),_xlfn.VSTACK($R$11:$R$13,$R$15:$R$21))} -> 100 | J17: 10.009 | K17: =I17*J17 -> 1000.9 | M17: Drywall | N17: Payment | O17: 545 | P17: 55 | Q17: Tons | R17: =P17 -> 55
A18: Concrete | B18: =M20 -> Concrete & dirt | C18: {=_xlfn.XLOOKUP(B18,_xlfn.VSTACK($M$11:$M$13,$M$15:$M$21),_xlfn.VSTACK($R$11:$R$13,$R$15:$R$21))} -> 73 | D18: 4903.8497 | E18: =C18*D18 -> 357981.03 | G18: Concrete | H18: =$M$15 -> Mixed C&D | I18: {=_xlfn.XLOOKUP(H18,_xlfn.VSTACK($M$11:$M$13,$M$15:$M$21),_xlfn.VSTACK($R$11:$R$13,$R$15:$R$21))} -> 100 | J18: 4903.8497 | K18: =I18*J18 -> 490384.97 | M18: Metal | N18: Rebate | O18: 545 | P18: -0.03 | Q18: pound | R18: =P18*2000 -> -60
A19: Drywall - Demo & painted | B19: =M17 -> Drywall | C19: {=_xlfn.XLOOKUP(B19,_xlfn.VSTACK($M$11:$M$13,$M$15:$M$21),_xlfn.VSTACK($R$11:$R$13,$R$15:$R$21))} -> 55 | D19: 20.45 | E19: =C19*D19 -> 1124.75 | G19: Drywall - Demo & painted | H19: =$M$15 -> Mixed C&D | I19: {=_xlfn.XLOOKUP(H19,_xlfn.VSTACK($M$11:$M$13,$M$15:$M$21),_xlfn.VSTACK($R$11:$R$13,$R$15:$R$21))} -> 100 | J19: 20.45 | K19: =I19*J19 -> 2045 | M19: Cardboard | N19: Rebate | O19: 545 | P19: -50 | Q19: Tons | R19: =P19 -> -50
A20: Metal | B20: =M18 -> Metal | C20: {=_xlfn.XLOOKUP(B20,_xlfn.VSTACK($M$11:$M$13,$M$15:$M$21),_xlfn.VSTACK($R$11:$R$13,$R$15:$R$21))} -> -60 | D20: 244.367 | E20: {=((SUMPRODUCT((('Raw Data'!AF11:AF1217*-$R$18)>$B$11)*'Raw Data'!AF11:AF1217))*$R$18)+(COUNT(_xlfn._xlws.FILTER('Raw Data'!AF11:AF1217,'Raw Data'!AF11:AF1217*-$R$18>$B$11))*B11)} -> -9941 | G20: Metal | H20: =$M$15 -> Mixed C&D | I20: {=_xlfn.XLOOKUP(H20,_xlfn.VSTACK($M$11:$M$13,$M$15:$M$21),_xlfn.VSTACK($R$11:$R$13,$R$15:$R$21))} -> 100 | J20: 244.367 | K20: =I20*J20 -> 24436.7 | M20: Concrete & dirt | N20: Payment | O20: 545 | P20: 730 | Q20: 13 yd Box | R20: =P20/10 -> 73
A21: Mixed Recyclables | B21: =M15 -> Mixed C&D | C21: {=_xlfn.XLOOKUP(B21,_xlfn.VSTACK($M$11:$M$13,$M$15:$M$21),_xlfn.VSTACK($R$11:$R$13,$R$15:$R$21))} -> 100 | D21: 302.3215 | E21: =C21*D21 -> 30232.15 | G21: Mixed Recyclables | H21: =$M$15 -> Mixed C&D | I21: {=_xlfn.XLOOKUP(H21,_xlfn.VSTACK($M$11:$M$13,$M$15:$M$21),_xlfn.VSTACK($R$11:$R$13,$R$15:$R$21))} -> 100 | J21: 302.3215 | K21: =I21*J21 -> 30232.15 | M21: Dirty concrete | N21: Payment | O21: 545 | P21: 850 | Q21: 13 yd Box | R21: =P21/10 -> 85
A22: Plastics & Plastic Packaging Materials | B22: =M12 -> Recycling | C22: {=_xlfn.XLOOKUP(B22,_xlfn.VSTACK($M$11:$M$13,$M$15:$M$21),_xlfn.VSTACK($R$11:$R$13,$R$15:$R$21))} -> 100 | D22: 3.616 | E22: =C22*D22 -> 361.6 | G22: Plastics & Plastic Packaging Materials | H22: =$M$15 -> Mixed C&D | I22: {=_xlfn.XLOOKUP(H22,_xlfn.VSTACK($M$11:$M$13,$M$15:$M$21),_xlfn.VSTACK($R$11:$R$13,$R$15:$R$21))} -> 100 | J22: 3.616 | K22: =I22*J22 -> 361.6
A23: Waste (Trash) | B23: =M15 -> Mixed C&D | C23: {=_xlfn.XLOOKUP(B23,_xlfn.VSTACK($M$11:$M$13,$M$15:$M$21),_xlfn.VSTACK($R$11:$R$13,$R$15:$R$21))} -> 100 | D23: 288.3466 | E23: =C23*D23 -> 28834.66 | G23: Waste (Trash) | H23: =$M$15 -> Mixed C&D | I23: {=_xlfn.XLOOKUP(H23,_xlfn.VSTACK($M$11:$M$13,$M$15:$M$21),_xlfn.VSTACK($R$11:$R$13,$R$15:$R$21))} -> 100 | J23: 288.3466 | K23: =I23*J23 -> 28834.66
A24: Compost | B24: =M13 -> Compost | C24: {=_xlfn.XLOOKUP(B24,_xlfn.VSTACK($M$11:$M$13,$M$15:$M$21),_xlfn.VSTACK($R$11:$R$13,$R$15:$R$21))} -> 100 | D24: 0.75 | E24: =C24*D24 -> 75 | G24: Compost | H24: =$M$15 -> Mixed C&D | I24: {=_xlfn.XLOOKUP(H24,_xlfn.VSTACK($M$11:$M$13,$M$15:$M$21),_xlfn.VSTACK($R$11:$R$13,$R$15:$R$21))} -> 100 | J24: 0.75 | K24: =I24*J24 -> 75
A25: Drywall - Clean/Unpainted | B25: =M17 -> Drywall | C25: {=_xlfn.XLOOKUP(B25,_xlfn.VSTACK($M$11:$M$13,$M$15:$M$21),_xlfn.VSTACK($R$11:$R$13,$R$15:$R$21))} -> 55 | D25: 939.57 | E25: =C25*D25 -> 51676.35 | G25: Drywall - Clean/Unpainted | H25: =$M$15 -> Mixed C&D | I25: {=_xlfn.XLOOKUP(H25,_xlfn.VSTACK($M$11:$M$13,$M$15:$M$21),_xlfn.VSTACK($R$11:$R$13,$R$15:$R$21))} -> 100 | J25: 939.57 | K25: =I25*J25 -> 93957
A26: Miscellaneous Debris | B26: =M15 -> Mixed C&D | C26: {=_xlfn.XLOOKUP(B26,_xlfn.VSTACK($M$11:$M$13,$M$15:$M$21),_xlfn.VSTACK($R$11:$R$13,$R$15:$R$21))} -> 100 | D26: 24.3426 | E26: =C26*D26 -> 2434.26 | G26: Miscellaneous Debris | H26: =$M$15 -> Mixed C&D | I26: {=_xlfn.XLOOKUP(H26,_xlfn.VSTACK($M$11:$M$13,$M$15:$M$21),_xlfn.VSTACK($R$11:$R$13,$R$15:$R$21))} -> 100 | J26: 24.3426 | K26: =I26*J26 -> 2434.26
A27: Trash Sorted for Recovery | B27: =M11 -> MSW Trash | C27: {=_xlfn.XLOOKUP(B27,_xlfn.VSTACK($M$11:$M$13,$M$15:$M$21),_xlfn.VSTACK($R$11:$R$13,$R$15:$R$21))} -> 100 | D27: 9.1002 | E27: =C27*D27 -> 910.02 | G27: Trash Sorted for Recovery | H27: =$M$15 -> Mixed C&D | I27: {=_xlfn.XLOOKUP(H27,_xlfn.VSTACK($M$11:$M$13,$M$15:$M$21),_xlfn.VSTACK($R$11:$R$13,$R$15:$R$21))} -> 100 | J27: 9.1002 | K27: =I27*J27 -> 910.02
A28: Wood - Clean | B28: =M16 -> Wood | C28: {=_xlfn.XLOOKUP(B28,_xlfn.VSTACK($M$11:$M$13,$M$15:$M$21),_xlfn.VSTACK($R$11:$R$13,$R$15:$R$21))} -> 85 | D28: 751.4749 | E28: =C28*D28 -> 63875.366 | G28: Wood - Clean | H28: =$M$15 -> Mixed C&D | I28: {=_xlfn.XLOOKUP(H28,_xlfn.VSTACK($M$11:$M$13,$M$15:$M$21),_xlfn.VSTACK($R$11:$R$13,$R$15:$R$21))} -> 100 | J28: 751.4749 | K28: =I28*J28 -> 75147.49
A29: Dirt/Soil-Clean Fill | B29: =M20 -> Concrete & dirt | C29: {=_xlfn.XLOOKUP(B29,_xlfn.VSTACK($M$11:$M$13,$M$15:$M$21),_xlfn.VSTACK($R$11:$R$13,$R$15:$R$21))} -> 73 | D29: 59185.2 | E29: =C29*D29 -> 4320519.6 | G29: Dirt/Soil-Clean Fill | H29: =$M$15 -> Mixed C&D | I29: {=_xlfn.XLOOKUP(H29,_xlfn.VSTACK($M$11:$M$13,$M$15:$M$21),_xlfn.VSTACK($R$11:$R$13,$R$15:$R$21))} -> 100 | J29: 59185.2 | K29: =I29*J29 -> 5918520
A31: TOTAL COSTS | G31: TOTAL COSTS
A32: Total Variable Costs | B32: =SUM(E15:E29) -> 4911297.9 | G32: Total Variable Costs | H32: =SUM(K15:K29) -> 6741825.3
A33: Total Fixed Costs | B33: =C11 -> 657815 | G33: Total Fixed Costs | H33: =I11 -> 657815
A34: Total Costs | B34: =B32+B33 -> 5569112.9 | G34: Total Costs | H34: =H32+H33 -> 7399640.3
A36: Hauling Costs using wood bunkers (without TRUE) | G36: Hauling costs avoided with reusable steel bunkers (without TRUE)
A37: Wood bunkers | B37: =B39/B38 -> 20 | G37: Wood bunkers | H37: 0 | I37: * Steel bunkers were used on the project
A38: Tons of wood per bunker | B38: 5 | G38: Tons of wood per bunker | H38: 0
A39: Total wood saved (tons) | B39: 100 | G39: Total wood saved (tons) | H39: 0
A40: Hauling cost avoided | B40: =B37*'Entire Project Overiew'!$O$11 -> 10900 | C40: * $545 per haul per wood bunker | G40: Hauling cost avoided | H40: =H37*'Entire Project Overiew'!$O$11 -> 0 | I40: * Steel bunkers were sent back to be reused
A41: Disposal cost avoided | B41: =B39*'Entire Project Overiew'!$P$16 -> 8500 | C41: * $85 per ton of wood hauled | G41: Disposal cost avoided | H41: =H39*'Entire Project Overiew'!$P$16 -> 0
A42: Total hauling costs | B42: =B40+B41 -> 19400 | G42: Total hauling costs | H42: =H40+H41 -> 0

Sheet Monthly $ Break Down (TRUE)
A1: GATEWAY CONSTRUCTION TRUE COST BENEFIT ANALYSIS
B3: Gateway Hauling Metrics with TRUE (>90% Diversion) | AS3: Total Cost Savings with TRUE (for 12 months)
A4: Year: | B4: 2022 | C4: 2022 | D4: 2023 | E4: 2023 | F4: 2023 | G4: 2023 | H4: 2023 | I4: 2023 | J4: 2023 | K4: 2023 | L4: 2023 | M4: 2024 | N4: 2024 | O4: 2024 | P4: 2024 | Q4: 2024 | R4: 2024 | S4: 2024 | T4: 2024 | U4: 2024 | V4: 2024 | W4: 2024 | X4: 2024 | Y4: 2025 | Z4: 2025 | AA4: 2025 | AB4: 2025 | AC4: 2025 | AD4: 2025 | AE4: 2025 | AF4: 2025 | AG4: 2025 | AH4: 2025 | AI4: 2025 | AJ4: 2025 | AK4: 2026 | AL4: 2026 | AM4: 2026 | AN4: 2026 | AO4: 2026 | AP4: 2026 | AQ4: Total: | AS4: Total Costs with source seperation (pursuing TRUE) | AW4: =AQ64 -> 5569112.9
A5: Month: | B5: Nov | C5: Dec | D5: Apr | E5: May | F5: Jun | G5: Jul | H5: Aug | I5: Sep | J5: Oct | K5: Nov | L5: Dec | M5: Jan | N5: Feb | O5: Mar | P5: Apr | Q5: May | R5: Jun | S5: Jul | T5: Aug | U5: Sep | V5: Oct | W5: Nov | X5: Dec | Y5: Jan | Z5: Feb | AA5: Mar | AB5: Apr | AC5: May | AD5: Jun | AE5: Jul | AF5: Aug | AG5: Sept | AH5: Oct | AI5: Nov | AJ5: Dec | AK5: Jan | AL5: Feb | AM5: Mar | AN5: Apr | AO5: May | AP5: Jun | AS5: Total Costs without any source seperation (not pursuing TRUE) | AW5: ='Monthly $ Break Down (wo TRUE('!AQ32 -> 7399640.3
A6: Fixed Hauling Fees | AS6: Total Cost Savings from source seperating | AW6: =AW5-AW4 -> 1830527.3
A7: Total hauls | B7: =COUNTIF('Raw Data'!$M$11:$M$1217,DATE(2022,11,1)) -> 28 | C7: =COUNTIF('Raw Data'!$M$11:$M$1217,DATE(2022,12,1)) -> 3 | D7: =COUNTIF('Raw Data'!$M$11:$M$1217,DATE(2023,4,1)) -> 6 | E7: =COUNTIF('Raw Data'!$M$11:$M$1217,DATE(2023,5,1)) -> 75 | F7: =COUNTIF('Raw Data'!$M$11:$M$1217,DATE(2023,6,1)) -> 77 | G7: =COUNTIF('Raw Data'!$M$11:$M$1217,DATE(2023,7,1)) -> 4 | H7: =COUNTIF('Raw Data'!$M$11:$M$1217,DATE(2023,8,1)) -> 7 | I7: =COUNTIF('Raw Data'!$M$11:$M$1217,DATE(2023,9,1)) -> 7 | J7: =COUNTIF('Raw Data'!$M$11:$M$1217,DATE(2023,10,1)) -> 17 | K7: =COUNTIF('Raw Data'!$M$11:$M$1217,DATE(2023,11,1)) -> 10 | L7: =COUNTIF('Raw Data'!$M$11:$M$1217,DATE(2023,12,1)) -> 6 | M7: =COUNTIF('Raw Data'!$M$11:$M$1217,DATE(2024,1,1)) -> 21 | N7: =COUNTIF('Raw Data'!$M$11:$M$1217,DATE(2024,2,1)) -> 27 | O7: =COUNTIF('Raw Data'!$M$11:$M$1217,DATE(2024,3,1)) -> 37 | P7: =COUNTIF('Raw Data'!$M$11:$M$1217,DATE(2024,4,1)) -> 10 | Q7: =COUNTIF('Raw Data'!$M$11:$M$1217,DATE(2024,5,1)) -> 12 | R7: =COUNTIF('Raw Data'!$M$11:$M$1217,DATE(2024,6,1)) -> 10 | S7: =COUNTIF('Raw Data'!$M$11:$M$1217,DATE(2024,7,1)) -> 10 | T7: =COUNTIF('Raw Data'!$M$11:$M$1217,DATE(2024,8,1)) -> 26 | U7: =COUNTIF('Raw Data'!$M$11:$M$1217,DATE(2024,9,1)) -> 36 | V7: =COUNTIF('Raw Data'!$M$11:$M$1217,DATE(2024,10,1)) -> 81 | W7: =COUNTIF('Raw Data'!$M$11:$M$1217,DATE(2024,11,1)) -> 38 | X7: =COUNTIF('Raw Data'!$M$11:$M$1217,DATE(2024,12,1)) -> 36 | Y7: =COUNTIF('Raw Data'!$M$11:$M$1217,DATE(2025,1,1)) -> 29 | Z7: =COUNTIF('Raw Data'!$M$11:$M$1217,DATE(2025,2,1)) -> 36 | AA7: =COUNTIF('Raw Data'!$M$11:$M$1217,DATE(2025,3,1)) -> 49 | AB7: =COUNTIF('Raw Data'!$M$11:$M$1217,DATE(2025,4,1)) -> 48 | AC7: =COUNTIF('Raw Data'!$M$11:$M$1217,DATE(2025,5,1)) -> 57 | AD7: =COUNTIF('Raw Data'!$M$11:$M$1217,DATE(2025,6,1)) -> 52 | AE7: =COUNTIF('Raw Data'!$M$11:$M$1217,DATE(2025,7,1)) -> 39 | AF7: =COUNTIF('Raw Data'!$M$11:$M$1217,DATE(2025,8,1)) -> 33 | AG7: =COUNTIF('Raw Data'!$M$11:$M$1217,DATE(2025,9,1)) -> 37 | AH7: =COUNTIF('Raw Data'!$M$11:$M$1217,DATE(2025,10,1)) -> 46 | AI7: =COUNTIF('Raw Data'!$M$11:$M$1217,DATE(2025,11,1)) -> 29 | AJ7: =COUNTIF('Raw Data'!$M$11:$M$1217,DATE(2025,12,1)) -> 39 | AK7: =COUNTIF('Raw Data'!$M$11:$M$1217,DATE(2026,1,1)) -> 54 | AL7: =COUNTIF('Raw Data'!$M$11:$M$1217,DATE(2026,2,1)) -> 28 | AM7: =COUNTIF('Raw Data'!$M$11:$M$1217,DATE(2026,3,1)) -> 19 | AN7: =COUNTIF('Raw Data'!$M$11:$M$1217,DATE(2026,4,1)) -> 12 | AO7: =COUNTIF('Raw Data'!$M$11:$M$1217,DATE(2026,5,1)) -> 10 | AP7: =COUNTIF('Raw Data'!$M$11:$M$1217,DATE(2026,6,1)) -> 6 | AQ7: =SUM(B7:AP7) -> 1207
A8: Fixed Hauling Costs | B8: =B7*'Entire Project Overiew'!$O$11 -> 15260 | C8: =C7*'Entire Project Overiew'!$O$11 -> 1635 | D8: =D7*'Entire Project Overiew'!$O$11 -> 3270 | E8: =E7*'Entire Project Overiew'!$O$11 -> 40875 | F8: =F7*'Entire Project Overiew'!$O$11 -> 41965 | G8: =G7*'Entire Project Overiew'!$O$11 -> 2180 | H8: =H7*'Entire Project Overiew'!$O$11 -> 3815 | I8: =I7*'Entire Project Overiew'!$O$11 -> 3815 | ... AP8: =AP7*'Entire Project Overiew'!$O$11 -> 3270 | AQ8: =SUM(B8:AP8) -> 657815
A10: MSW Trash
A11: Trash Sorted for Recovery | B11: 0 | C11: 0 | D11: 4.6255 | E11: 2.9435 | F11: 0 | G11: 1.5312 | H11: 0 | I11: 0 | J11: 0 | K11: 0 | L11: 0 | M11: 0 | N11: 0 | O11: 0 | P11: 0 | Q11: 0 | R11: 0 | S11: 0 | T11: 0 | U11: 0 | V11: 0 | W11: 0 | X11: 0 | Y11: 0 | Z11: 0 | AA11: 0 | AB11: 0 | AC11: 0 | AD11: 0 | AE11: 0 | AF11: 0 | AG11: 0 | AH11: 0 | AI11: 0 | AJ11: 0 | AK11: 0 | AL11: 0 | AM11: 0 | AN11: 0 | AO11: 0 | AP11: 0 | AQ11: =SUM(B11:AP11) -> 9.1002
A12: Total MSW Trash | B12: =B11 -> 0 | C12: =C11 -> 0 | D12: =D11 -> 4.6255 | E12: =E11 -> 2.9435 | F12: =F11 -> 0 | G12: =G11 -> 1.5312 | H12: =H11 -> 0 | I12: =I11 -> 0 | ... AP12: =AP11 -> 0 | AQ12: =SUM(B12:AP12) -> 9.1002
A13: Total MSW Trash Costs | B13: =B12*'Entire Project Overiew'!$R$11 -> 0 | C13: =C12*'Entire Project Overiew'!$R$11 -> 0 | D13: =D12*'Entire Project Overiew'!$R$11 -> 462.55 | E13: =E12*'Entire Project Overiew'!$R$11 -> 294.35 | F13: =F12*'Entire Project Overiew'!$R$11 -> 0 | G13: =G12*'Entire Project Overiew'!$R$11 -> 153.12 | H13: =H12*'Entire Project Overiew'!$R$11 -> 0 | I13: =I12*'Entire Project Overiew'!$R$11 -> 0 | ... AP13: =AP12*'Entire Project Overiew'!$R$11 -> 0 | AQ13: =SUM(B13:AP13) -> 910.02
A15: Recycling
A16: Plastics & Plastic Packaging Materials | B16: 0 | C16: 0 | D16: 0 | E16: 0 | F16: 0 | G16: 0 | H16: 0 | I16: 0 | J16: 0 | K16: 0 | L16: 0 | M16: 0 | N16: 0 | O16: 0 | P16: 0 | Q16: 0 | R16: 0 | S16: 0 | T16: 0 | U16: 0 | V16: 0 | W16: 0.846 | X16: 0.7 | Y16: 0 | Z16: 0 | AA16: 0 | AB16: 0 | AC16: 0 | AD16: 0 | AE16: 0 | AF16: 0 | AG16: 2.07 | AH16: 0 | AI16: 0 | AJ16: 0 | AK16: 0 | AL16: 0 | AM16: 0 | AN16: 0 | AO16: 0 | AP16: 0 | AQ16: =SUM(B16:AP16) -> 3.616
A17: Total Recycling | B17: =B16 -> 0 | C17: =C16 -> 0 | D17: =D16 -> 0 | E17: =E16 -> 0 | F17: =F16 -> 0 | G17: =G16 -> 0 | H17: =H16 -> 0 | I17: =I16 -> 0 | ... AP17: =AP16 -> 0 | AQ17: =SUM(B17:AP17) -> 3.616
A18: Total Recycling Costs | B18: =B17*'Entire Project Overiew'!$R$12 -> 0 | C18: =C17*'Entire Project Overiew'!$R$12 -> 0 | D18: =D17*'Entire Project Overiew'!$R$12 -> 0 | E18: =E17*'Entire Project Overiew'!$R$12 -> 0 | F18: =F17*'Entire Project Overiew'!$R$12 -> 0 | G18: =G17*'Entire Project Overiew'!$R$12 -> 0 | H18: =H17*'Entire Project Overiew'!$R$12 -> 0 | I18: =I17*'Entire Project Overiew'!$R$12 -> 0 | ... AP18: =AP17*'Entire Project Overiew'!$R$12 -> 0 | AQ18: =SUM(B18:AP18) -> 361.6
A20: Compost
A21: Compost | B21: 0 | C21: 0 | D21: 0 | E21: 0 | F21: 0 | G21: 0 | H21: 0 | I21: 0 | J21: 0 | K21: 0 | L21: 0 | M21: 0 | N21: 0 | O21: 0 | P21: 0 | Q21: 0 | R21: 0 | S21: 0 | T21: 0 | U21: 0 | V21: 0 | W21: 0 | X21: 0 | Y21: 0 | Z21: 0 | AA21: 0 | AB21: 0 | AC21: 0 | AD21: 0 | AE21: 0 | AF21: 0 | AG21: 0.75 | AH21: 0 | AI21: 0 | AJ21: 0 | AK21: 0 | AL21: 0 | AM21: 0 | AN21: 0 | AO21: 0 | AP21: 0 | AQ21: =SUM(B21:AP21) -> 0.75
A22: Total Compost | B22: =B21 -> 0 | C22: =C21 -> 0 | D22: =D21 -> 0 | E22: =E21 -> 0 | F22: =F21 -> 0 | G22: =G21 -> 0 | H22: =H21 -> 0 | I22: =I21 -> 0 | ... AP22: =AP21 -> 0 | AQ22: =SUM(B22:AP22) -> 0.75
A23: Total Compost Costs | B23: =B22*'Entire Project Overiew'!$R$13 -> 0 | C23: =C22*'Entire Project Overiew'!$R$13 -> 0 | D23: =D22*'Entire Project Overiew'!$R$13 -> 0 | E23: =E22*'Entire Project Overiew'!$R$13 -> 0 | F23: =F22*'Entire Project Overiew'!$R$13 -> 0 | G23: =G22*'Entire Project Overiew'!$R$13 -> 0 | H23: =H22*'Entire Project Overiew'!$R$13 -> 0 | I23: =I22*'Entire Project Overiew'!$R$13 -> 0 | ... AP23: =AP22*'Entire Project Overiew'!$R$13 -> 0 | AQ23: =SUM(B23:AP23) -> 75
A25: Mixed C&D
A26: Miscellaneous Debris | B26: 0 | C26: 0 | D26: 11.3245 | E26: 7.2065 | F26: 0 | G26: 3.7488 | H26: 0 | I26: 0 | J26: 1.1244 | K26: 0 | L26: 0 | M26: 0.9384 | N26: 0 | O26: 0 | P26: 0 | Q26: 0 | R26: 0 | S26: 0 | T26: 0 | U26: 0 | V26: 0 | W26: 0 | X26: 0 | Y26: 0 | Z26: 0 | AA26: 0 | AB26: 0 | AC26: 0 | AD26: 0 | AE26: 0 | AF26: 0 | AG26: 0 | AH26: 0 | AI26: 0 | AJ26: 0 | AK26: 0 | AL26: 0 | AM26: 0 | AN26: 0 | AO26: 0 | AP26: 0 | AQ26: =SUM(B26:AP26) -> 24.3426
A27: Alternate Daily Cover (ADC) | B27: 0.41 | C27: 0.3348 | D27: 0 | E27: 0 | F27: 1.12 | G27: 0 | H27: 0 | I27: 0 | J27: 0 | K27: 5.32 | L27: 1.8 | M27: 3.24 | N27: 6.2 | O27: 6.985 | P27: 5.69 | Q27: 5.11 | R27: 4.04 | S27: 3.74 | T27: 8.6 | U27: 2.79 | V27: 0.54 | W27: 1.1355 | X27: 3.72 | Y27: 6.64 | Z27: 2.93 | AA27: 4.21 | AB27: 10.35 | AC27: 15.13 | AD27: 36.95 | AE27: 24.43 | AF27: 17.66 | AG27: 12.33 | AH27: 28.007 | AI27: 5.93 | AJ27: 18.3404 | AK27: 35.3696 | AL27: 26.6619 | AM27: 13.2152 | AN27: 13.0173 | AO27: 18.6604 | AP27: 3.8268 | AQ27: =SUM(B27:AP27) -> 354.4339
A28: Mixed Recyclables | B28: 0.33 | C28: 0.28 | D28: 0 | E28: 0 | F28: 0.91 | G28: 0 | H28: 0 | I28: 0 | J28: 2.8056 | K28: 4.31 | L28: 1.46 | M28: 5.5676 | N28: 5.01 | O28: 6.504 | P28: 4.6 | Q28: 4.49 | R28: 3.26 | S28: 3.03 | T28: 6.99 | U28: 10.29 | V28: 0.44 | W28: 0.9 | X28: 3 | Y28: 5.39 | Z28: 2.38 | AA28: 3.39 | AB28: 8.39 | AC28: 12.24 | AD28: 29.94 | AE28: 19.84 | AF28: 14.32 | AG28: 10.18 | AH28: 22.73 | AI28: 4.81 | AJ28: 14.8662 | AK28: 28.6564 | AL28: 21.6019 | AM28: 10.7069 | AN28: 10.5465 | AO28: 15.0558 | AP28: 3.1006 | AQ28: =SUM(B28:AP28) -> 302.3215
A29: Waste (Trash) | B29: 0.34 | C29: 0.27 | D29: 0 | E29: 0 | F29: 0.93 | G29: 0 | H29: 0 | I29: 0 | J29: 0 | K29: 4.36 | L29: 1.48 | M29: 2.64 | N29: 5.08 | O29: 5.73 | P29: 4.64 | Q29: 4.16 | R29: 3.28 | S29: 3.07 | T29: 7.05 | U29: 2.3 | V29: 0.45 | W29: 0.91 | X29: 3.02 | Y29: 5.45 | Z29: 2.4 | AA29: 3.41 | AB29: 8.48 | AC29: 12.3836 | AD29: 30.26 | AE29: 20.05 | AF29: 14.46 | AG29: 8.45 | AH29: 22.9 | AI29: 4.86 | AJ29: 15.0126 | AK29: 28.9539 | AL29: 21.826 | AM29: 10.8181 | AN29: 10.6561 | AO29: 15.1337 | AP29: 3.1326 | AQ29: =SUM(B29:AP29) -> 288.3466
A30: Total Mixed C&D | B30: =SUM(B26:B29) -> 1.08 | C30: =SUM(C26:C29) -> 0.8848 | D30: =SUM(D26:D29) -> 11.3245 | E30: =SUM(E26:E29) -> 7.2065 | F30: =SUM(F26:F29) -> 2.96 | G30: =SUM(G26:G29) -> 3.7488 | H30: =SUM(H26:H29) -> 0 | I30: =SUM(I26:I29) -> 0 | ... AP30: =SUM(AP26:AP29) -> 10.06 | AQ30: =SUM(B30:AP30) -> 969.4446
A31: Total Mixed C&D Costs | B31: =B30*'Entire Project Overiew'!$R$15 -> 108 | C31: =C30*'Entire Project Overiew'!$R$15 -> 88.48 | D31: =D30*'Entire Project Overiew'!$R$15 -> 1132.45 | E31: =E30*'Entire Project Overiew'!$R$15 -> 720.65 | F31: =F30*'Entire Project Overiew'!$R$15 -> 296 | G31: =G30*'Entire Project Overiew'!$R$15 -> 374.88 | H31: =H30*'Entire Project Overiew'!$R$15 -> 0 | I31: =I30*'Entire Project Overiew'!$R$15 -> 0 | ... AP31: =AP30*'Entire Project Overiew'!$R$15 -> 1006 | AQ31: =SUM(B31:AP31) -> 96944.46
A33: Wood
A34: Wood - Clean | B34: 0 | C34: 1.31 | D34: 0 | E34: 0 | F34: 0 | G34: 7.92 | H34: 19.4 | I34: 16.14 | J34: 32.5 | K34: 5.02 | L34: 3.88 | M34: 34.804 | N34: 6.13 | O34: 41.19 | P34: 22.55 | Q34: 14.34 | R34: 13.22 | S34: 11.64 | T34: 25.83 | U34: 41.02 | V34: 59.43 | W34: 11.0545 | X34: 15.92 | Y34: 8.91 | Z34: 14.35 | AA34: 19.44 | AB34: 17.39 | AC34: 33.0164 | AD34: 21.14 | AE34: 12.47 | AF34: 0.9 | AG34: 5.82 | AH34: 26.26 | AI34: 78.94 | AJ34: 64.74 | AK34: 29.13 | AL34: 16.46 | AM34: 6.45 | AN34: 8.33 | AO34: 0 | AP34: 4.43 | AQ34: =SUM(B34:AP34) -> 751.4749
A35: Total Wood | B35: =B34 -> 0 | C35: =C34 -> 1.31 | D35: =D34 -> 0 | E35: =E34 -> 0 | F35: =F34 -> 0 | G35: =G34 -> 7.92 | H35: =H34 -> 19.4 | I35: =I34 -> 16.14 | ... AP35: =AP34 -> 4.43 | AQ35: =SUM(B35:AP35) -> 751.4749
A36: Total Wood Costs | B36: =B35*'Entire Project Overiew'!$R$16 -> 0 | C36: =C35*'Entire Project Overiew'!$R$16 -> 111.35 | D36: =D35*'Entire Project Overiew'!$R$16 -> 0 | E36: =E35*'Entire Project Overiew'!$R$16 -> 0 | F36: =F35*'Entire Project Overiew'!$R$16 -> 0 | G36: =G35*'Entire Project Overiew'!$R$16 -> 673.2 | H36: =H35*'Entire Project Overiew'!$R$16 -> 1649 | I36: =I35*'Entire Project Overiew'!$R$16 -> 1371.9 | ... AP36: =AP35*'Entire Project Overiew'!$R$16 -> 376.55 | AQ36: =SUM(B36:AP36) -> 63875.367
A38: Drywall
A39: Drywall - Demo & painted | B39: 0 | C39: 0 | D39: 0 | E39: 0 | F39: 0 | G39: 0 | H39: 0 | I39: 0 | J39: 0 | K39: 0 | L39: 0 | M39: 0 | N39: 0 | O39: 0 | P39: 0 | Q39: 0 | R39: 0 | S39: 0 | T39: 5.83 | U39: 0 | V39: 0 | W39: 0 | X39: 0 | Y39: 0 | Z39: 0 | AA39: 0 | AB39: 0 | AC39: 0 | AD39: 0 | AE39: 0 | AF39: 0 | AG39: 9.67 | AH39: 4.95 | AI39: 0 | AJ39: 0 | AK39: 0 | AL39: 0 | AM39: 0 | AN39: 0 | AO39: 0 | AP39: 0 | AQ39: =SUM(B39:AP39) -> 20.45
A40: Drywall - Clean/Unpainted | B40: 0 | C40: 0 | D40: 0 | E40: 0 | F40: 0 | G40: 0 | H40: 0 | I40: 0 | J40: 0 | K40: 0 | L40: 0 | M40: 0 | N40: 0 | O40: 0 | P40: 0 | Q40: 0 | R40: 0 | S40: 0 | T40: 0 | U40: 14.37 | V40: 37.1 | W40: 70.66 | X40: 81.7 | Y40: 68.46 | Z40: 93.07 | AA40: 112.39 | AB40: 90.8 | AC40: 80.24 | AD40: 10.63 | AE40: 42.72 | AF40: 60.02 | AG40: 67.84 | AH40: 32.32 | AI40: 31.5 | AJ40: 34.95 | AK40: 10.8 | AL40: 0 | AM40: 0 | AN40: 0 | AO40: 0 | AP40: 0 | AQ40: =SUM(B40:AP40) -> 939.57
A41: Total Drywall | B41: =SUM(B39:B40) -> 0 | C41: =SUM(C39:C40) -> 0 | D41: =SUM(D39:D40) -> 0 | E41: =SUM(E39:E40) -> 0 | F41: =SUM(F39:F40) -> 0 | G41: =SUM(G39:G40) -> 0 | H41: =SUM(H39:H40) -> 0 | I41: =SUM(I39:I40) -> 0 | ... AP41: =SUM(AP39:AP40) -> 0 | AQ41: =SUM(B41:AP41) -> 960.02
A42: Total Drywall Costs | B42: =B41*'Entire Project Overiew'!$R$17 -> 0 | C42: =C41*'Entire Project Overiew'!$R$17 -> 0 | D42: =D41*'Entire Project Overiew'!$R$17 -> 0 | E42: =E41*'Entire Project Overiew'!$R$17 -> 0 | F42: =F41*'Entire Project Overiew'!$R$17 -> 0 | G42: =G41*'Entire Project Overiew'!$R$17 -> 0 | H42: =H41*'Entire Project Overiew'!$R$17 -> 0 | I42: =I41*'Entire Project Overiew'!$R$17 -> 0 | ... AP42: =AP41*'Entire Project Overiew'!$R$17 -> 0 | AQ42: =SUM(B42:AP42) -> 52801.1
A44: Concrete & dirt
A45: Asphalt - Pavement & Grinding | B45: 0 | C45: 0 | D45: 0 | E45: 0 | F45: 0 | G45: 0 | H45: 0 | I45: 0 | J45: 0 | K45: 0 | L45: 0 | M45: 0 | N45: 0 | O45: 0 | P45: 0 | Q45: 0 | R45: 0 | S45: 0 | T45: 0 | U45: 0 | V45: 0 | W45: 0 | X45: 0 | Y45: 0 | Z45: 0 | AA45: 0 | AB45: 0 | AC45: 0 | AD45: 29.41 | AE45: 0 | AF45: 0 | AG45: 0 | AH45: 21.42 | AI45: 2.5 | AJ45: 46.1709 | AK45: 271.0706 | AL45: 9.85 | AM45: 0 | AN45: 0 | AO45: 0 | AP45: 0 | AQ45: =SUM(B45:AP45) -> 380.4215
A46: Concrete | B46: 511.15 | C46: 0 | D46: 71.94 | E46: 1499.39 | F46: 1535.31 | G46: 7.11 | H46: 17.37 | I46: 17.8 | J46: 31.34 | K46: 16.32 | L46: 12.24 | M46: 47.71 | N46: 53.9 | O46: 87.12 | P46: 0 | Q46: 4.95 | R46: 14.31 | S46: 27.24 | T46: 50.15 | U46: 74.54 | V46: 281.26 | W46: 36.64 | X46: 13.66 | Y46: 6.75 | Z46: 11.13 | AA46: 0 | AB46: 7.59 | AC46: 30.1 | AD46: 15.57 | AE46: 12.32 | AF46: 47.66 | AG46: 85.75 | AH46: 67.49 | AI46: 3.2 | AJ46: 64.1707 | AK46: 112.749 | AL46: 8 | AM46: 19.92 | AN46: 0 | AO46: 0 | AP46: 0 | AQ46: =SUM(B46:AP46) -> 4903.8497
A47: Dirt/Soil-Clean Fill | B47: 0 | C47: 0 | D47: 0 | E47: 0 | F47: 0 | G47: 0 | H47: 0 | I47: 0 | J47: 59185.2 | K47: 0 | L47: 0 | M47: 0 | N47: 0 | O47: 0 | P47: 0 | Q47: 0 | R47: 0 | S47: 0 | T47: 0 | U47: 0 | V47: 0 | W47: 0 | X47: 0 | Y47: 0 | Z47: 0 | AA47: 0 | AB47: 0 | AC47: 0 | AD47: 0 | AE47: 0 | AF47: 0 | AG47: 0 | AH47: 0 | AI47: 0 | AJ47: 0 | AK47: 0 | AL47: 0 | AM47: 0 | AN47: 0 | AO47: 0 | AP47: 0 | AQ47: =SUM(B47:AP47) -> 59185.2
A48: Total Concrete & Dirt | B48: =SUM(B45:B47) -> 511.15 | C48: =SUM(C45:C47) -> 0 | D48: =SUM(D45:D47) -> 71.94 | E48: =SUM(E45:E47) -> 1499.39 | F48: =SUM(F45:F47) -> 1535.31 | G48: =SUM(G45:G47) -> 7.11 | H48: =SUM(H45:H47) -> 17.37 | I48: =SUM(I45:I47) -> 17.8 | ... AP48: =SUM(AP45:AP47) -> 0 | AQ48: =SUM(B48:AP48) -> 64469.471
A49: Total Concrete & Dirt costs | B49: =B48*'Entire Project Overiew'!$R$20 -> 37313.95 | C49: =C48*'Entire Project Overiew'!$R$20 -> 0 | D49: =D48*'Entire Project Overiew'!$R$20 -> 5251.62 | E49: =E48*'Entire Project Overiew'!$R$20 -> 109455.47 | F49: =F48*'Entire Project Overiew'!$R$20 -> 112077.63 | G49: =G48*'Entire Project Overiew'!$R$20 -> 519.03 | H49: =H48*'Entire Project Overiew'!$R$20 -> 1268.01 | I49: =I48*'Entire Project Overiew'!$R$20 -> 1299.4 | ... AP49: =AP48*'Entire Project Overiew'!$R$20 -> 0 | AQ49: =SUM(B49:AP49) -> 4706271.4
A51: Metal
A52: Metal | B52: 3.52 | C52: 8.92 | D52: 0 | E52: 14.71 | F52: 23.11 | G52: 0 | H52: 0 | I52: 0 | J52: 0 | K52: 0 | L52: 0 | M52: 1.96 | N52: 1.87 | O52: 2.126 | P52: 0 | Q52: 0 | R52: 0 | S52: 0 | T52: 0 | U52: 0 | V52: 0 | W52: 61.91 | X52: 0 | Y52: 0 | Z52: 0 | AA52: 0 | AB52: 0 | AC52: 0 | AD52: 4.3 | AE52: 0 | AF52: 0 | AG52: 0.001 | AH52: 0 | AI52: 121.94 | AJ52: 0 | AK52: 0 | AL52: 0 | AM52: 0 | AN52: 0 | AO52: 0 | AP52: 0 | AQ52: =SUM(B52:AP52) -> 244.367
A53: Total Metal | B53: =B52 -> 3.52 | C53: =C52 -> 8.92 | D53: =D52 -> 0 | E53: =E52 -> 14.71 | F53: =F52 -> 23.11 | G53: =G52 -> 0 | H53: =H52 -> 0 | I53: =I52 -> 0 | ... AP53: =AP52 -> 0 | AQ53: =SUM(B53:AP53) -> 244.367
A54: Total Metal Rebates | B54: {=((SUMPRODUCT( ((('Raw Data'!AF11:AF1217*-'Entire Project Overiew'!R18)>'Entire Project Overiew'!B11)* ('Raw Data'!$M$11:$M$1217=DATE(2022,11,1)))* 'Raw Data'!AF11:AF1217 ))*'Entire Project Overiew'!R18) + (COUNT( _xlfn._xlws.FILTER( 'Raw Data'!AF11:AF1217, (('Raw Data'!AF11:AF1217*-'Entire Project Overiew'!R18)>'Entire Project Overiew'!B11)* ('Raw Data'!$M$11:$M$1217=DATE(2022,11,1)) ) )*'Entire Project Overiew'!B11)} -> 0 | C54: {=((SUMPRODUCT( ((('Raw Data'!AF11:AF1217*-'Entire Project Overiew'!R18)>'Entire Project Overiew'!B11)* ('Raw Data'!$M$11:$M$1217=DATE(2022,12,1)))* 'Raw Data'!AF11:AF1217 ))*'Entire Project Overiew'!R18) + (COUNT( _xlfn._xlws.FILTER( 'Raw Data'!AF11:AF1217, (('Raw Data'!AF11:AF1217*-'Entire Project Overiew'!R18)>'Entire Project Overiew'!B11)* ('Raw Data'!$M$11:$M$1217=DATE(2022,12,1)) ) )*'Entire Project Overiew'!B11)} -> 0 | D54: {=((SUMPRODUCT( ((('Raw Data'!AF11:AF1217*-'Entire Project Overiew'!R18)>'Entire Project Overiew'!B11)* ('Raw Data'!$M$11:$M$1217=DATE(2023,4,1)))* 'Raw Data'!AF11:AF1217 ))*'Entire Project Overiew'!R18) + (COUNT( _xlfn._xlws.FILTER( 'Raw Data'!AF11:AF1217, (('Raw Data'!AF11:AF1217*-'Entire Project Overiew'!R18)>'Entire Project Overiew'!B11)* ('Raw Data'!$M$11:$M$1217=DATE(2023,4,1)) ) )*'Entire Project Overiew'!B11)} -> 0 | E54: {=((SUMPRODUCT( ((('Raw Data'!AF11:AF1217*-'Entire Project Overiew'!R18)>'Entire Project Overiew'!B11)* ('Raw Data'!$M$11:$M$1217=DATE(2023,5,1)))* 'Raw Data'!AF11:AF1217 ))*'Entire Project Overiew'!R18) + (COUNT( _xlfn._xlws.FILTER( 'Raw Data'!AF11:AF1217, (('Raw Data'!AF11:AF1217*-'Entire Project Overiew'!R18)>'Entire Project Overiew'!B11)* ('Raw Data'!$M$11:$M$1217=DATE(2023,5,1)) ) )*'Entire Project Overiew'!B11)} -> 0 | F54: {=((SUMPRODUCT( ((('Raw Data'!AF11:AF1217*-'Entire Project Overiew'!R18)>'Entire Project Overiew'!B11)* ('Raw Data'!$M$11:$M$1217=DATE(2023,6,1)))* 'Raw Data'!AF11:AF1217 ))*'Entire Project Overiew'!R18) + (COUNT( _xlfn._xlws.FILTER( 'Raw Data'!AF11:AF1217, (('Raw Data'!AF11:AF1217*-'Entire Project Overiew'!R18)>'Entire Project Overiew'!B11)* ('Raw Data'!$M$11:$M$1217=DATE(2023,6,1)) ) )*'Entire Project Overiew'!B11)} -> 0 | G54: {=((SUMPRODUCT( ((('Raw Data'!AF11:AF1217*-'Entire Project Overiew'!R18)>'Entire Project Overiew'!B11)* ('Raw Data'!$M$11:$M$1217=DATE(2023,7,1)))* 'Raw Data'!AF11:AF1217 ))*'Entire Project Overiew'!R18) + (COUNT( _xlfn._xlws.FILTER( 'Raw Data'!AF11:AF1217, (('Raw Data'!AF11:AF1217*-'Entire Project Overiew'!R18)>'Entire Project Overiew'!B11)* ('Raw Data'!$M$11:$M$1217=DATE(2023,7,1)) ) )*'Entire Project Overiew'!B11)} -> 0 | H54: {=((SUMPRODUCT( ((('Raw Data'!AF11:AF1217*-'Entire Project Overiew'!R18)>'Entire Project Overiew'!B11)* ('Raw Data'!$M$11:$M$1217=DATE(2023,8,1)))* 'Raw Data'!AF11:AF1217 ))*'Entire Project Overiew'!R18) + (COUNT( _xlfn._xlws.FILTER( 'Raw Data'!AF11:AF1217, (('Raw Data'!AF11:AF1217*-'Entire Project Overiew'!R18)>'Entire Project Overiew'!B11)* ('Raw Data'!$M$11:$M$1217=DATE(2023,8,1)) ) )*'Entire Project Overiew'!B11)} -> 0 | I54: {=((SUMPRODUCT( ((('Raw Data'!AF11:AF1217*-'Entire Project Overiew'!R18)>'Entire Project Overiew'!B11)* ('Raw Data'!$M$11:$M$1217=DATE(2023,9,1)))* 'Raw Data'!AF11:AF1217 ))*'Entire Project Overiew'!R18) + (COUNT( _xlfn._xlws.FILTER( 'Raw Data'!AF11:AF1217, (('Raw Data'!AF11:AF1217*-'Entire Project Overiew'!R18)>'Entire Project Overiew'!B11)* ('Raw Data'!$M$11:$M$1217=DATE(2023,9,1)) ) )*'Entire Project Overiew'!B11)} -> 0 | J54: {=((SUMPRODUCT( ((('Raw Data'!AF11:AF1217*-'Entire Project Overiew'!R18)>'Entire Project Overiew'!B11)* ('Raw Data'!$M$11:$M$1217=DATE(2023,10,1)))* 'Raw Data'!AF11:AF1217 ))*'Entire Project Overiew'!R18) + (COUNT( _xlfn._xlws.FILTER( 'Raw Data'!AF11:AF1217, (('Raw Data'!AF11:AF1217*-'Entire Project Overiew'!R18)>'Entire Project Overiew'!B11)* ('Raw Data'!$M$11:$M$1217=DATE(2023,10,1)) ) )*'Entire Project Overiew'!B11)} -> 0 | K54: {=((SUMPRODUCT( ((('Raw Data'!AF11:AF1217*-'Entire Project Overiew'!R18)>'Entire Project Overiew'!B11)* ('Raw Data'!$M$11:$M$1217=DATE(2023,11,1)))* 'Raw Data'!AF11:AF1217 ))*'Entire Project Overiew'!R18) + (COUNT( _xlfn._xlws.FILTER( 'Raw Data'!AF11:AF1217, (('Raw Data'!AF11:AF1217*-'Entire Project Overiew'!R18)>'Entire Project Overiew'!B11)* ('Raw Data'!$M$11:$M$1217=DATE(2023,11,1)) ) )*'Entire Project Overiew'!B11)} -> 0 | L54: {=((SUMPRODUCT( ((('Raw Data'!AF11:AF1217*-'Entire Project Overiew'!R18)>'Entire Project Overiew'!B11)* ('Raw Data'!$M$11:$M$1217=DATE(2023,12,1)))* 'Raw Data'!AF11:AF1217 ))*'Entire Project Overiew'!R18) + (COUNT( _xlfn._xlws.FILTER( 'Raw Data'!AF11:AF1217, (('Raw Data'!AF11:AF1217*-'Entire Project Overiew'!R18)>'Entire Project Overiew'!B11)* ('Raw Data'!$M$11:$M$1217=DATE(2023,12,1)) ) )*'Entire Project Overiew'!B11)} -> 0 | M54: {=((SUMPRODUCT( ((('Raw Data'!AF11:AF1217*-'Entire Project Overiew'!R18)>'Entire Project Overiew'!B11)* ('Raw Data'!$M$11:$M$1217=DATE(2024,1,1)))* 'Raw Data'!AF11:AF1217 ))*'Entire Project Overiew'!R18) + (COUNT( _xlfn._xlws.FILTER( 'Raw Data'!AF11:AF1217, (('Raw Data'!AF11:AF1217*-'Entire Project Overiew'!R18)>'Entire Project Overiew'!B11)* ('Raw Data'!$M$11:$M$1217=DATE(2024,1,1)) ) )*'Entire Project Overiew'!B11)} -> 0 | N54: {=((SUMPRODUCT( ((('Raw Data'!AF11:AF1217*-'Entire Project Overiew'!R18)>'Entire Project Overiew'!B11)* ('Raw Data'!$M$11:$M$1217=DATE(2024,2,1)))* 'Raw Data'!AF11:AF1217 ))*'Entire Project Overiew'!R18) + (COUNT( _xlfn._xlws.FILTER( 'Raw Data'!AF11:AF1217, (('Raw Data'!AF11:AF1217*-'Entire Project Overiew'!R18)>'Entire Project Overiew'!B11)* ('Raw Data'!$M$11:$M$1217=DATE(2024,2,1)) ) )*'Entire Project Overiew'!B11)} -> 0 | O54: {=((SUMPRODUCT( ((('Raw Data'!AF11:AF1217*-'Entire Project Overiew'!R18)>'Entire Project Overiew'!B11)* ('Raw Data'!$M$11:$M$1217=DATE(2024,3,1)))* 'Raw Data'!AF11:AF1217 ))*'Entire Project Overiew'!R18) + (COUNT( _xlfn._xlws.FILTER( 'Raw Data'!AF11:AF1217, (('Raw Data'!AF11:AF1217*-'Entire Project Overiew'!R18)>'Entire Project Overiew'!B11)* ('Raw Data'!$M$11:$M$1217=DATE(2024,3,1)) ) )*'Entire Project Overiew'!B11)} -> 0 | P54: {=((SUMPRODUCT( ((('Raw Data'!AF11:AF1217*-'Entire Project Overiew'!R18)>'Entire Project Overiew'!B11)* ('Raw Data'!$M$11:$M$1217=DATE(2024,4,1)))* 'Raw Data'!AF11:AF1217 ))*'Entire Project Overiew'!R18) + (COUNT( _xlfn._xlws.FILTER( 'Raw Data'!AF11:AF1217, (('Raw Data'!AF11:AF1217*-'Entire Project Overiew'!R18)>'Entire Project Overiew'!B11)* ('Raw Data'!$M$11:$M$1217=DATE(2024,4,1)) ) )*'Entire Project Overiew'!B11)} -> 0 | Q54: {=((SUMPRODUCT( ((('Raw Data'!AF11:AF1217*-'Entire Project Overiew'!R18)>'Entire Project Overiew'!B11)* ('Raw Data'!$M$11:$M$1217=DATE(2024,5,1)))* 'Raw Data'!AF11:AF1217 ))*'Entire Project Overiew'!R18) + (COUNT( _xlfn._xlws.FILTER( 'Raw Data'!AF11:AF1217, (('Raw Data'!AF11:AF1217*-'Entire Project Overiew'!R18)>'Entire Project Overiew'!B11)* ('Raw Data'!$M$11:$M$1217=DATE(2024,5,1)) ) )*'Entire Project Overiew'!B11)} -> 0 | R54: {=((SUMPRODUCT( ((('Raw Data'!AF11:AF1217*-'Entire Project Overiew'!R18)>'Entire Project Overiew'!B11)* ('Raw Data'!$M$11:$M$1217=DATE(2024,6,1)))* 'Raw Data'!AF11:AF1217 ))*'Entire Project Overiew'!R18) + (COUNT( _xlfn._xlws.FILTER( 'Raw Data'!AF11:AF1217, (('Raw Data'!AF11:AF1217*-'Entire Project Overiew'!R18)>'Entire Project Overiew'!B11)* ('Raw Data'!$M$11:$M$1217=DATE(2024,6,1)) ) )*'Entire Project Overiew'!B11)} -> 0 | S54: {=((SUMPRODUCT( ((('Raw Data'!AF11:AF1217*-'Entire Project Overiew'!R18)>'Entire Project Overiew'!B11)* ('Raw Data'!$M$11:$M$1217=DATE(2024,7,1)))* 'Raw Data'!AF11:AF1217 ))*'Entire Project Overiew'!R18) + (COUNT( _xlfn._xlws.FILTER( 'Raw Data'!AF11:AF1217, (('Raw Data'!AF11:AF1217*-'Entire Project Overiew'!R18)>'Entire Project Overiew'!B11)* ('Raw Data'!$M$11:$M$1217=DATE(2024,7,1)) ) )*'Entire Project Overiew'!B11)} -> 0 | T54: {=((SUMPRODUCT( ((('Raw Data'!AF11:AF1217*-'Entire Project Overiew'!R18)>'Entire Project Overiew'!B11)* ('Raw Data'!$M$11:$M$1217=DATE(2024,8,1)))* 'Raw Data'!AF11:AF1217 ))*'Entire Project Overiew'!R18) + (COUNT( _xlfn._xlws.FILTER( 'Raw Data'!AF11:AF1217, (('Raw Data'!AF11:AF1217*-'Entire Project Overiew'!R18)>'Entire Project Overiew'!B11)* ('Raw Data'!$M$11:$M$1217=DATE(2024,8,1)) ) )*'Entire Project Overiew'!B11)} -> 0 | U54: {=((SUMPRODUCT( ((('Raw Data'!AF11:AF1217*-'Entire Project Overiew'!R18)>'Entire Project Overiew'!B11)* ('Raw Data'!$M$11:$M$1217=DATE(2024,9,1)))* 'Raw Data'!AF11:AF1217 ))*'Entire Project Overiew'!R18) + (COUNT( _xlfn._xlws.FILTER( 'Raw Data'!AF11:AF1217, (('Raw Data'!AF11:AF1217*-'Entire Project Overiew'!R18)>'Entire Project Overiew'!B11)* ('Raw Data'!$M$11:$M$1217=DATE(2024,9,1)) ) )*'Entire Project Overiew'!B11)} -> 0 | V54: {=((SUMPRODUCT( ((('Raw Data'!AF11:AF1217*-'Entire Project Overiew'!R18)>'Entire Project Overiew'!B11)* ('Raw Data'!$M$11:$M$1217=DATE(2024,10,1)))* 'Raw Data'!AF11:AF1217 ))*'Entire Project Overiew'!R18) + (COUNT( _xlfn._xlws.FILTER( 'Raw Data'!AF11:AF1217, (('Raw Data'!AF11:AF1217*-'Entire Project Overiew'!R18)>'Entire Project Overiew'!B11)* ('Raw Data'!$M$11:$M$1217=DATE(2024,10,1)) ) )*'Entire Project Overiew'!B11)} -> 0 | W54: {=((SUMPRODUCT( ((('Raw Data'!AF11:AF1217*-'Entire Project Overiew'!R18)>'Entire Project Overiew'!B11)* ('Raw Data'!$M$11:$M$1217=DATE(2024,11,1)))* 'Raw Data'!AF11:AF1217 ))*'Entire Project Overiew'!R18) + (COUNT( _xlfn._xlws.FILTER( 'Raw Data'!AF11:AF1217, (('Raw Data'!AF11:AF1217*-'Entire Project Overiew'!R18)>'Entire Project Overiew'!B11)* ('Raw Data'!$M$11:$M$1217=DATE(2024,11,1)) ) )*'Entire Project Overiew'!B11)} -> -3169.6 | X54: {=((SUMPRODUCT( ((('Raw Data'!AF11:AF1217*-'Entire Project Overiew'!R18)>'Entire Project Overiew'!B11)* ('Raw Data'!$M$11:$M$1217=DATE(2024,12,1)))* 'Raw Data'!AF11:AF1217 ))*'Entire Project Overiew'!R18) + (COUNT( _xlfn._xlws.FILTER( 'Raw Data'!AF11:AF1217, (('Raw Data'!AF11:AF1217*-'Entire Project Overiew'!R18)>'Entire Project Overiew'!B11)* ('Raw Data'!$M$11:$M$1217=DATE(2024,12,1)) ) )*'Entire Project Overiew'!B11)} -> 0 | Y54: {=((SUMPRODUCT( ((('Raw Data'!AF11:AF1217*-'Entire Project Overiew'!R18)>'Entire Project Overiew'!B11)* ('Raw Data'!$M$11:$M$1217=DATE(2025,1,1)))* 'Raw Data'!AF11:AF1217 ))*'Entire Project Overiew'!R18) + (COUNT( _xlfn._xlws.FILTER( 'Raw Data'!AF11:AF1217, (('Raw Data'!AF11:AF1217*-'Entire Project Overiew'!R18)>'Entire Project Overiew'!B11)* ('Raw Data'!$M$11:$M$1217=DATE(2025,1,1)) ) )*'Entire Project Overiew'!B11)} -> 0 | Z54: {=((SUMPRODUCT( ((('Raw Data'!AF11:AF1217*-'Entire Project Overiew'!R18)>'Entire Project Overiew'!B11)* ('Raw Data'!$M$11:$M$1217=DATE(2025,2,1)))* 'Raw Data'!AF11:AF1217 ))*'Entire Project Overiew'!R18) + (COUNT( _xlfn._xlws.FILTER( 'Raw Data'!AF11:AF1217, (('Raw Data'!AF11:AF1217*-'Entire Project Overiew'!R18)>'Entire Project Overiew'!B11)* ('Raw Data'!$M$11:$M$1217=DATE(2025,2,1)) ) )*'Entire Project Overiew'!B11)} -> 0 | AA54: {=((SUMPRODUCT( ((('Raw Data'!AF11:AF1217*-'Entire Project Overiew'!R18)>'Entire Project Overiew'!B11)* ('Raw Data'!$M$11:$M$1217=DATE(2025,3,1)))* 'Raw Data'!AF11:AF1217 ))*'Entire Project Overiew'!R18) + (COUNT( _xlfn._xlws.FILTER( 'Raw Data'!AF11:AF1217, (('Raw Data'!AF11:AF1217*-'Entire Project Overiew'!R18)>'Entire Project Overiew'!B11)* ('Raw Data'!$M$11:$M$1217=DATE(2025,3,1)) ) )*'Entire Project Overiew'!B11)} -> 0 | AB54: {=((SUMPRODUCT( ((('Raw Data'!AF11:AF1217*-'Entire Project Overiew'!R18)>'Entire Project Overiew'!B11)* ('Raw Data'!$M$11:$M$1217=DATE(2025,4,1)))* 'Raw Data'!AF11:AF1217 ))*'Entire Project Overiew'!R18) + (COUNT( _xlfn._xlws.FILTER( 'Raw Data'!AF11:AF1217, (('Raw Data'!AF11:AF1217*-'Entire Project Overiew'!R18)>'Entire Project Overiew'!B11)* ('Raw Data'!$M$11:$M$1217=DATE(2025,4,1)) ) )*'Entire Project Overiew'!B11)} -> 0 | AC54: {=((SUMPRODUCT( ((('Raw Data'!AF11:AF1217*-'Entire Project Overiew'!R18)>'Entire Project Overiew'!B11)* ('Raw Data'!$M$11:$M$1217=DATE(2025,5,1)))* 'Raw Data'!AF11:AF1217 ))*'Entire Project Overiew'!R18) + (COUNT( _xlfn._xlws.FILTER( 'Raw Data'!AF11:AF1217, (('Raw Data'!AF11:AF1217*-'Entire Project Overiew'!R18)>'Entire Project Overiew'!B11)* ('Raw Data'!$M$11:$M$1217=DATE(2025,5,1)) ) )*'Entire Project Overiew'!B11)} -> 0 | AD54: {=((SUMPRODUCT( ((('Raw Data'!AF11:AF1217*-'Entire Project Overiew'!R18)>'Entire Project Overiew'!B11)* ('Raw Data'!$M$11:$M$1217=DATE(2025,6,1)))* 'Raw Data'!AF11:AF1217 ))*'Entire Project Overiew'!R18) + (COUNT( _xlfn._xlws.FILTER( 'Raw Data'!AF11:AF1217, (('Raw Data'!AF11:AF1217*-'Entire Project Overiew'!R18)>'Entire Project Overiew'!B11)* ('Raw Data'!$M$11:$M$1217=DATE(2025,6,1)) ) )*'Entire Project Overiew'!B11)} -> 0 | AE54: {=((SUMPRODUCT( ((('Raw Data'!AF11:AF1217*-'Entire Project Overiew'!R18)>'Entire Project Overiew'!B11)* ('Raw Data'!$M$11:$M$1217=DATE(2025,7,1)))* 'Raw Data'!AF11:AF1217 ))*'Entire Project Overiew'!R18) + (COUNT( _xlfn._xlws.FILTER( 'Raw Data'!AF11:AF1217, (('Raw Data'!AF11:AF1217*-'Entire Project Overiew'!R18)>'Entire Project Overiew'!B11)* ('Raw Data'!$M$11:$M$1217=DATE(2025,7,1)) ) )*'Entire Project Overiew'!B11)} -> 0 | AF54: {=((SUMPRODUCT( ((('Raw Data'!AF11:AF1217*-'Entire Project Overiew'!R18)>'Entire Project Overiew'!B11)* ('Raw Data'!$M$11:$M$1217=DATE(2025,8,1)))* 'Raw Data'!AF11:AF1217 ))*'Entire Project Overiew'!R18) + (COUNT( _xlfn._xlws.FILTER( 'Raw Data'!AF11:AF1217, (('Raw Data'!AF11:AF1217*-'Entire Project Overiew'!R18)>'Entire Project Overiew'!B11)* ('Raw Data'!$M$11:$M$1217=DATE(2025,8,1)) ) )*'Entire Project Overiew'!B11)} -> 0 | AG54: {=((SUMPRODUCT( ((('Raw Data'!AF11:AF1217*-'Entire Project Overiew'!R18)>'Entire Project Overiew'!B11)* ('Raw Data'!$M$11:$M$1217=DATE(2025,9,1)))* 'Raw Data'!AF11:AF1217 ))*'Entire Project Overiew'!R18) + (COUNT( _xlfn._xlws.FILTER( 'Raw Data'!AF11:AF1217, (('Raw Data'!AF11:AF1217*-'Entire Project Overiew'!R18)>'Entire Project Overiew'!B11)* ('Raw Data'!$M$11:$M$1217=DATE(2025,9,1)) ) )*'Entire Project Overiew'!B11)} -> 0 | AH54: {=((SUMPRODUCT( ((('Raw Data'!AF11:AF1217*-'Entire Project Overiew'!R18)>'Entire Project Overiew'!B11)* ('Raw Data'!$M$11:$M$1217=DATE(2025,10,1)))* 'Raw Data'!AF11:AF1217 ))*'Entire Project Overiew'!R18) + (COUNT( _xlfn._xlws.FILTER( 'Raw Data'!AF11:AF1217, (('Raw Data'!AF11:AF1217*-'Entire Project Overiew'!R18)>'Entire Project Overiew'!B11)* ('Raw Data'!$M$11:$M$1217=DATE(2025,10,1)) ) )*'Entire Project Overiew'!B11)} -> 0 | AI54: {=((SUMPRODUCT( ((('Raw Data'!AF11:AF1217*-'Entire Project Overiew'!R18)>'Entire Project Overiew'!B11)* ('Raw Data'!$M$11:$M$1217=DATE(2025,11,1)))* 'Raw Data'!AF11:AF1217 ))*'Entire Project Overiew'!R18) + (COUNT( _xlfn._xlws.FILTER( 'Raw Data'!AF11:AF1217, (('Raw Data'!AF11:AF1217*-'Entire Project Overiew'!R18)>'Entire Project Overiew'!B11)* ('Raw Data'!$M$11:$M$1217=DATE(2025,11,1)) ) )*'Entire Project Overiew'!B11)} -> -6771.4 | AJ54: {=((SUMPRODUCT( ((('Raw Data'!AF11:AF1217*-'Entire Project Overiew'!R18)>'Entire Project Overiew'!B11)* ('Raw Data'!$M$11:$M$1217=DATE(2025,12,1)))* 'Raw Data'!AF11:AF1217 ))*'Entire Project Overiew'!R18) + (COUNT( _xlfn._xlws.FILTER( 'Raw Data'!AF11:AF1217, (('Raw Data'!AF11:AF1217*-'Entire Project Overiew'!R18)>'Entire Project Overiew'!B11)* ('Raw Data'!$M$11:$M$1217=DATE(2025,12,1)) ) )*'Entire Project Overiew'!B11)} -> 0 | AK54: {=((SUMPRODUCT( ((('Raw Data'!AF11:AF1217*-'Entire Project Overiew'!R18)>'Entire Project Overiew'!B11)* ('Raw Data'!$M$11:$M$1217=DATE(2026,1,1)))* 'Raw Data'!AF11:AF1217 ))*'Entire Project Overiew'!R18) + (COUNT( _xlfn._xlws.FILTER( 'Raw Data'!AF11:AF1217, (('Raw Data'!AF11:AF1217*-'Entire Project Overiew'!R18)>'Entire Project Overiew'!B11)* ('Raw Data'!$M$11:$M$1217=DATE(2026,1,1)) ) )*'Entire Project Overiew'!B11)} -> 0 | AL54: {=((SUMPRODUCT( ((('Raw Data'!AF11:AF1217*-'Entire Project Overiew'!R18)>'Entire Project Overiew'!B11)* ('Raw Data'!$M$11:$M$1217=DATE(2026,2,1)))* 'Raw Data'!AF11:AF1217 ))*'Entire Project Overiew'!R18) + (COUNT( _xlfn._xlws.FILTER( 'Raw Data'!AF11:AF1217, (('Raw Data'!AF11:AF1217*-'Entire Project Overiew'!R18)>'Entire Project Overiew'!B11)* ('Raw Data'!$M$11:$M$1217=DATE(2026,2,1)) ) )*'Entire Project Overiew'!B11)} -> 0 | AM54: {=((SUMPRODUCT( ((('Raw Data'!AF11:AF1217*-'Entire Project Overiew'!R18)>'Entire Project Overiew'!B11)* ('Raw Data'!$M$11:$M$1217=DATE(2026,3,1)))* 'Raw Data'!AF11:AF1217 ))*'Entire Project Overiew'!R18) + (COUNT( _xlfn._xlws.FILTER( 'Raw Data'!AF11:AF1217, (('Raw Data'!AF11:AF1217*-'Entire Project Overiew'!R18)>'Entire Project Overiew'!B11)* ('Raw Data'!$M$11:$M$1217=DATE(2026,3,1)) ) )*'Entire Project Overiew'!B11)} -> 0 | AN54: {=((SUMPRODUCT( ((('Raw Data'!AF11:AF1217*-'Entire Project Overiew'!R18)>'Entire Project Overiew'!B11)* ('Raw Data'!$M$11:$M$1217=DATE(2026,4,1)))* 'Raw Data'!AF11:AF1217 ))*'Entire Project Overiew'!R18) + (COUNT( _xlfn._xlws.FILTER( 'Raw Data'!AF11:AF1217, (('Raw Data'!AF11:AF1217*-'Entire Project Overiew'!R18)>'Entire Project Overiew'!B11)* ('Raw Data'!$M$11:$M$1217=DATE(2026,4,1)) ) )*'Entire Project Overiew'!B11)} -> 0 | AO54: {=((SUMPRODUCT( ((('Raw Data'!AF11:AF1217*-'Entire Project Overiew'!R18)>'Entire Project Overiew'!B11)* ('Raw Data'!$M$11:$M$1217=DATE(2026,5,1)))* 'Raw Data'!AF11:AF1217 ))*'Entire Project Overiew'!R18) + (COUNT( _xlfn._xlws.FILTER( 'Raw Data'!AF11:AF1217, (('Raw Data'!AF11:AF1217*-'Entire Project Overiew'!R18)>'Entire Project Overiew'!B11)* ('Raw Data'!$M$11:$M$1217=DATE(2026,5,1)) ) )*'Entire Project Overiew'!B11)} -> 0 | AP54: {=((SUMPRODUCT( ((('Raw Data'!AF11:AF1217*-'Entire Project Overiew'!R18)>'Entire Project Overiew'!B11)* ('Raw Data'!$M$11:$M$1217=DATE(2026,6,1)))* 'Raw Data'!AF11:AF1217 ))*'Entire Project Overiew'!R18) + (COUNT( _xlfn._xlws.FILTER( 'Raw Data'!AF11:AF1217, (('Raw Data'!AF11:AF1217*-'Entire Project Overiew'!R18)>'Entire Project Overiew'!B11)* ('Raw Data'!$M$11:$M$1217=DATE(2026,6,1)) ) )*'Entire Project Overiew'!B11)} -> 0 | AQ54: =SUM(B54:AP54) -> -9941
A56: Cardboard
A57: Cardboard & Paper Products | B57: 0 | C57: 0 | D57: 0 | E57: 0 | F57: 0 | G57: 0 | H57: 0 | I57: 0 | J57: 0 | K57: 0 | L57: 0 | M57: 0 | N57: 3.38 | O57: 1.85 | P57: 0 | Q57: 0.63 | R57: 0 | S57: 0 | T57: 0 | U57: 0 | V57: 0 | W57: 0 | X57: 0 | Y57: 0 | Z57: 0 | AA57: 0 | AB57: 0 | AC57: 0 | AD57: 0 | AE57: 4.149 | AF57: 0 | AG57: 0 | AH57: 0 | AI57: 0 | AJ57: 0 | AK57: 0 | AL57: 0 | AM57: 0 | AN57: 0 | AO57: 0 | AP57: 0 | AQ57: =SUM(B57:AP57) -> 10.009
A58: Total Cardboard | B58: =B57 -> 0 | C58: =C57 -> 0 | D58: =D57 -> 0 | E58: =E57 -> 0 | F58: =F57 -> 0 | G58: =G57 -> 0 | H58: =H57 -> 0 | I58: =I57 -> 0 | ... AP58: =AP57 -> 0 | AQ58: =SUM(B58:AP58) -> 10.009
A59: Total Cardboard Rebates | B59: {=( SUMPRODUCT( (('Raw Data'!AB11:AB1217*-'Entire Project Overiew'!R19)>'Entire Project Overiew'!B11)* ('Raw Data'!$M$11:$M$1217=DATE(2022,11,1))* 'Raw Data'!AB11:AB1217 ) *'Entire Project Overiew'!R19 ) + ( COUNT( _xlfn._xlws.FILTER( 'Raw Data'!AB11:AB1217, (('Raw Data'!AB11:AB1217*-'Entire Project Overiew'!R19)>'Entire Project Overiew'!B11)* ('Raw Data'!$M$11:$M$1217=DATE(2022,11,1)) ) ) *'Entire Project Overiew'!B11 )} -> 0 | C59: {=( SUMPRODUCT( (('Raw Data'!AB11:AB1217*-'Entire Project Overiew'!R19)>'Entire Project Overiew'!B11)* ('Raw Data'!$M$11:$M$1217=DATE(2022,12,1))* 'Raw Data'!AB11:AB1217 ) *'Entire Project Overiew'!R19 ) + ( COUNT( _xlfn._xlws.FILTER( 'Raw Data'!AB11:AB1217, (('Raw Data'!AB11:AB1217*-'Entire Project Overiew'!R19)>'Entire Project Overiew'!B11)* ('Raw Data'!$M$11:$M$1217=DATE(2022,12,1)) ) ) *'Entire Project Overiew'!B11 )} -> 0 | D59: {=( SUMPRODUCT( (('Raw Data'!AB11:AB1217*-'Entire Project Overiew'!R19)>'Entire Project Overiew'!B11)* ('Raw Data'!$M$11:$M$1217=DATE(2023,4,1))* 'Raw Data'!AB11:AB1217 ) *'Entire Project Overiew'!R19 ) + ( COUNT( _xlfn._xlws.FILTER( 'Raw Data'!AB11:AB1217, (('Raw Data'!AB11:AB1217*-'Entire Project Overiew'!R19)>'Entire Project Overiew'!B11)* ('Raw Data'!$M$11:$M$1217=DATE(2023,4,1)) ) ) *'Entire Project Overiew'!B11 )} -> 0 | E59: {=( SUMPRODUCT( (('Raw Data'!AB11:AB1217*-'Entire Project Overiew'!R19)>'Entire Project Overiew'!B11)* ('Raw Data'!$M$11:$M$1217=DATE(2023,5,1))* 'Raw Data'!AB11:AB1217 ) *'Entire Project Overiew'!R19 ) + ( COUNT( _xlfn._xlws.FILTER( 'Raw Data'!AB11:AB1217, (('Raw Data'!AB11:AB1217*-'Entire Project Overiew'!R19)>'Entire Project Overiew'!B11)* ('Raw Data'!$M$11:$M$1217=DATE(2023,5,1)) ) ) *'Entire Project Overiew'!B11 )} -> 0 | F59: {=( SUMPRODUCT( (('Raw Data'!AB11:AB1217*-'Entire Project Overiew'!R19)>'Entire Project Overiew'!B11)* ('Raw Data'!$M$11:$M$1217=DATE(2023,6,1))* 'Raw Data'!AB11:AB1217 ) *'Entire Project Overiew'!R19 ) + ( COUNT( _xlfn._xlws.FILTER( 'Raw Data'!AB11:AB1217, (('Raw Data'!AB11:AB1217*-'Entire Project Overiew'!R19)>'Entire Project Overiew'!B11)* ('Raw Data'!$M$11:$M$1217=DATE(2023,6,1)) ) ) *'Entire Project Overiew'!B11 )} -> 0 | G59: {=( SUMPRODUCT( (('Raw Data'!AB11:AB1217*-'Entire Project Overiew'!R19)>'Entire Project Overiew'!B11)* ('Raw Data'!$M$11:$M$1217=DATE(2023,7,1))* 'Raw Data'!AB11:AB1217 ) *'Entire Project Overiew'!R19 ) + ( COUNT( _xlfn._xlws.FILTER( 'Raw Data'!AB11:AB1217, (('Raw Data'!AB11:AB1217*-'Entire Project Overiew'!R19)>'Entire Project Overiew'!B11)* ('Raw Data'!$M$11:$M$1217=DATE(2023,7,1)) ) ) *'Entire Project Overiew'!B11 )} -> 0 | H59: {=( SUMPRODUCT( (('Raw Data'!AB11:AB1217*-'Entire Project Overiew'!R19)>'Entire Project Overiew'!B11)* ('Raw Data'!$M$11:$M$1217=DATE(2023,8,1))* 'Raw Data'!AB11:AB1217 ) *'Entire Project Overiew'!R19 ) + ( COUNT( _xlfn._xlws.FILTER( 'Raw Data'!AB11:AB1217, (('Raw Data'!AB11:AB1217*-'Entire Project Overiew'!R19)>'Entire Project Overiew'!B11)* ('Raw Data'!$M$11:$M$1217=DATE(2023,8,1)) ) ) *'Entire Project Overiew'!B11 )} -> 0 | I59: {=( SUMPRODUCT( (('Raw Data'!AB11:AB1217*-'Entire Project Overiew'!R19)>'Entire Project Overiew'!B11)* ('Raw Data'!$M$11:$M$1217=DATE(2023,9,1))* 'Raw Data'!AB11:AB1217 ) *'Entire Project Overiew'!R19 ) + ( COUNT( _xlfn._xlws.FILTER( 'Raw Data'!AB11:AB1217, (('Raw Data'!AB11:AB1217*-'Entire Project Overiew'!R19)>'Entire Project Overiew'!B11)* ('Raw Data'!$M$11:$M$1217=DATE(2023,9,1)) ) ) *'Entire Project Overiew'!B11 )} -> 0 | J59: {=( SUMPRODUCT( (('Raw Data'!AB11:AB1217*-'Entire Project Overiew'!R19)>'Entire Project Overiew'!B11)* ('Raw Data'!$M$11:$M$1217=DATE(2023,10,1))* 'Raw Data'!AB11:AB1217 ) *'Entire Project Overiew'!R19 ) + ( COUNT( _xlfn._xlws.FILTER( 'Raw Data'!AB11:AB1217, (('Raw Data'!AB11:AB1217*-'Entire Project Overiew'!R19)>'Entire Project Overiew'!B11)* ('Raw Data'!$M$11:$M$1217=DATE(2023,10,1)) ) ) *'Entire Project Overiew'!B11 )} -> 0 | K59: {=( SUMPRODUCT( (('Raw Data'!AB11:AB1217*-'Entire Project Overiew'!R19)>'Entire Project Overiew'!B11)* ('Raw Data'!$M$11:$M$1217=DATE(2023,11,1))* 'Raw Data'!AB11:AB1217 ) *'Entire Project Overiew'!R19 ) + ( COUNT( _xlfn._xlws.FILTER( 'Raw Data'!AB11:AB1217, (('Raw Data'!AB11:AB1217*-'Entire Project Overiew'!R19)>'Entire Project Overiew'!B11)* ('Raw Data'!$M$11:$M$1217=DATE(2023,11,1)) ) ) *'Entire Project Overiew'!B11 )} -> 0 | L59: {=( SUMPRODUCT( (('Raw Data'!AB11:AB1217*-'Entire Project Overiew'!R19)>'Entire Project Overiew'!B11)* ('Raw Data'!$M$11:$M$1217=DATE(2023,12,1))* 'Raw Data'!AB11:AB1217 ) *'Entire Project Overiew'!R19 ) + ( COUNT( _xlfn._xlws.FILTER( 'Raw Data'!AB11:AB1217, (('Raw Data'!AB11:AB1217*-'Entire Project Overiew'!R19)>'Entire Project Overiew'!B11)* ('Raw Data'!$M$11:$M$1217=DATE(2023,12,1)) ) ) *'Entire Project Overiew'!B11 )} -> 0 | M59: {=( SUMPRODUCT( (('Raw Data'!AB11:AB1217*-'Entire Project Overiew'!R19)>'Entire Project Overiew'!B11)* ('Raw Data'!$M$11:$M$1217=DATE(2024,1,1))* 'Raw Data'!AB11:AB1217 ) *'Entire Project Overiew'!R19 ) + ( COUNT( _xlfn._xlws.FILTER( 'Raw Data'!AB11:AB1217, (('Raw Data'!AB11:AB1217*-'Entire Project Overiew'!R19)>'Entire Project Overiew'!B11)* ('Raw Data'!$M$11:$M$1217=DATE(2024,1,1)) ) ) *'Entire Project Overiew'!B11 )} -> 0 | N59: {=( SUMPRODUCT( (('Raw Data'!AB11:AB1217*-'Entire Project Overiew'!R19)>'Entire Project Overiew'!B11)* ('Raw Data'!$M$11:$M$1217=DATE(2024,2,1))* 'Raw Data'!AB11:AB1217 ) *'Entire Project Overiew'!R19 ) + ( COUNT( _xlfn._xlws.FILTER( 'Raw Data'!AB11:AB1217, (('Raw Data'!AB11:AB1217*-'Entire Project Overiew'!R19)>'Entire Project Overiew'!B11)* ('Raw Data'!$M$11:$M$1217=DATE(2024,2,1)) ) ) *'Entire Project Overiew'!B11 )} -> 0 | O59: {=( SUMPRODUCT( (('Raw Data'!AB11:AB1217*-'Entire Project Overiew'!R19)>'Entire Project Overiew'!B11)* ('Raw Data'!$M$11:$M$1217=DATE(2024,3,1))* 'Raw Data'!AB11:AB1217 ) *'Entire Project Overiew'!R19 ) + ( COUNT( _xlfn._xlws.FILTER( 'Raw Data'!AB11:AB1217, (('Raw Data'!AB11:AB1217*-'Entire Project Overiew'!R19)>'Entire Project Overiew'!B11)* ('Raw Data'!$M$11:$M$1217=DATE(2024,3,1)) ) ) *'Entire Project Overiew'!B11 )} -> 0 | P59: {=( SUMPRODUCT( (('Raw Data'!AB11:AB1217*-'Entire Project Overiew'!R19)>'Entire Project Overiew'!B11)* ('Raw Data'!$M$11:$M$1217=DATE(2024,4,1))* 'Raw Data'!AB11:AB1217 ) *'Entire Project Overiew'!R19 ) + ( COUNT( _xlfn._xlws.FILTER( 'Raw Data'!AB11:AB1217, (('Raw Data'!AB11:AB1217*-'Entire Project Overiew'!R19)>'Entire Project Overiew'!B11)* ('Raw Data'!$M$11:$M$1217=DATE(2024,4,1)) ) ) *'Entire Project Overiew'!B11 )} -> 0 | Q59: {=( SUMPRODUCT( (('Raw Data'!AB11:AB1217*-'Entire Project Overiew'!R19)>'Entire Project Overiew'!B11)* ('Raw Data'!$M$11:$M$1217=DATE(2024,5,1))* 'Raw Data'!AB11:AB1217 ) *'Entire Project Overiew'!R19 ) + ( COUNT( _xlfn._xlws.FILTER( 'Raw Data'!AB11:AB1217, (('Raw Data'!AB11:AB1217*-'Entire Project Overiew'!R19)>'Entire Project Overiew'!B11)* ('Raw Data'!$M$11:$M$1217=DATE(2024,5,1)) ) ) *'Entire Project Overiew'!B11 )} -> 0 | R59: {=( SUMPRODUCT( (('Raw Data'!AB11:AB1217*-'Entire Project Overiew'!R19)>'Entire Project Overiew'!B11)* ('Raw Data'!$M$11:$M$1217=DATE(2024,6,1))* 'Raw Data'!AB11:AB1217 ) *'Entire Project Overiew'!R19 ) + ( COUNT( _xlfn._xlws.FILTER( 'Raw Data'!AB11:AB1217, (('Raw Data'!AB11:AB1217*-'Entire Project Overiew'!R19)>'Entire Project Overiew'!B11)* ('Raw Data'!$M$11:$M$1217=DATE(2024,6,1)) ) ) *'Entire Project Overiew'!B11 )} -> 0 | S59: {=( SUMPRODUCT( (('Raw Data'!AB11:AB1217*-'Entire Project Overiew'!R19)>'Entire Project Overiew'!B11)* ('Raw Data'!$M$11:$M$1217=DATE(2024,7,1))* 'Raw Data'!AB11:AB1217 ) *'Entire Project Overiew'!R19 ) + ( COUNT( _xlfn._xlws.FILTER( 'Raw Data'!AB11:AB1217, (('Raw Data'!AB11:AB1217*-'Entire Project Overiew'!R19)>'Entire Project Overiew'!B11)* ('Raw Data'!$M$11:$M$1217=DATE(2024,7,1)) ) ) *'Entire Project Overiew'!B11 )} -> 0 | T59: {=( SUMPRODUCT( (('Raw Data'!AB11:AB1217*-'Entire Project Overiew'!R19)>'Entire Project Overiew'!B11)* ('Raw Data'!$M$11:$M$1217=DATE(2024,8,1))* 'Raw Data'!AB11:AB1217 ) *'Entire Project Overiew'!R19 ) + ( COUNT( _xlfn._xlws.FILTER( 'Raw Data'!AB11:AB1217, (('Raw Data'!AB11:AB1217*-'Entire Project Overiew'!R19)>'Entire Project Overiew'!B11)* ('Raw Data'!$M$11:$M$1217=DATE(2024,8,1)) ) ) *'Entire Project Overiew'!B11 )} -> 0 | U59: {=( SUMPRODUCT( (('Raw Data'!AB11:AB1217*-'Entire Project Overiew'!R19)>'Entire Project Overiew'!B11)* ('Raw Data'!$M$11:$M$1217=DATE(2024,9,1))* 'Raw Data'!AB11:AB1217 ) *'Entire Project Overiew'!R19 ) + ( COUNT( _xlfn._xlws.FILTER( 'Raw Data'!AB11:AB1217, (('Raw Data'!AB11:AB1217*-'Entire Project Overiew'!R19)>'Entire Project Overiew'!B11)* ('Raw Data'!$M$11:$M$1217=DATE(2024,9,1)) ) ) *'Entire Project Overiew'!B11 )} -> 0 | V59: {=( SUMPRODUCT( (('Raw Data'!AB11:AB1217*-'Entire Project Overiew'!R19)>'Entire Project Overiew'!B11)* ('Raw Data'!$M$11:$M$1217=DATE(2024,10,1))* 'Raw Data'!AB11:AB1217 ) *'Entire Project Overiew'!R19 ) + ( COUNT( _xlfn._xlws.FILTER( 'Raw Data'!AB11:AB1217, (('Raw Data'!AB11:AB1217*-'Entire Project Overiew'!R19)>'Entire Project Overiew'!B11)* ('Raw Data'!$M$11:$M$1217=DATE(2024,10,1)) ) ) *'Entire Project Overiew'!B11 )} -> 0 | W59: {=( SUMPRODUCT( (('Raw Data'!AB11:AB1217*-'Entire Project Overiew'!R19)>'Entire Project Overiew'!B11)* ('Raw Data'!$M$11:$M$1217=DATE(2024,11,1))* 'Raw Data'!AB11:AB1217 ) *'Entire Project Overiew'!R19 ) + ( COUNT( _xlfn._xlws.FILTER( 'Raw Data'!AB11:AB1217, (('Raw Data'!AB11:AB1217*-'Entire Project Overiew'!R19)>'Entire Project Overiew'!B11)* ('Raw Data'!$M$11:$M$1217=DATE(2024,11,1)) ) ) *'Entire Project Overiew'!B11 )} -> 0 | X59: {=( SUMPRODUCT( (('Raw Data'!AB11:AB1217*-'Entire Project Overiew'!R19)>'Entire Project Overiew'!B11)* ('Raw Data'!$M$11:$M$1217=DATE(2024,12,1))* 'Raw Data'!AB11:AB1217 ) *'Entire Project Overiew'!R19 ) + ( COUNT( _xlfn._xlws.FILTER( 'Raw Data'!AB11:AB1217, (('Raw Data'!AB11:AB1217*-'Entire Project Overiew'!R19)>'Entire Project Overiew'!B11)* ('Raw Data'!$M$11:$M$1217=DATE(2024,12,1)) ) ) *'Entire Project Overiew'!B11 )} -> 0 | Y59: {=( SUMPRODUCT( (('Raw Data'!AB11:AB1217*-'Entire Project Overiew'!R19)>'Entire Project Overiew'!B11)* ('Raw Data'!$M$11:$M$1217=DATE(2025,1,1))* 'Raw Data'!AB11:AB1217 ) *'Entire Project Overiew'!R19 ) + ( COUNT( _xlfn._xlws.FILTER( 'Raw Data'!AB11:AB1217, (('Raw Data'!AB11:AB1217*-'Entire Project Overiew'!R19)>'Entire Project Overiew'!B11)* ('Raw Data'!$M$11:$M$1217=DATE(2025,1,1)) ) ) *'Entire Project Overiew'!B11 )} -> 0 | Z59: {=( SUMPRODUCT( (('Raw Data'!AB11:AB1217*-'Entire Project Overiew'!R19)>'Entire Project Overiew'!B11)* ('Raw Data'!$M$11:$M$1217=DATE(2025,2,1))* 'Raw Data'!AB11:AB1217 ) *'Entire Project Overiew'!R19 ) + ( COUNT( _xlfn._xlws.FILTER( 'Raw Data'!AB11:AB1217, (('Raw Data'!AB11:AB1217*-'Entire Project Overiew'!R19)>'Entire Project Overiew'!B11)* ('Raw Data'!$M$11:$M$1217=DATE(2025,2,1)) ) ) *'Entire Project Overiew'!B11 )} -> 0 | AA59: {=( SUMPRODUCT( (('Raw Data'!AB11:AB1217*-'Entire Project Overiew'!R19)>'Entire Project Overiew'!B11)* ('Raw Data'!$M$11:$M$1217=DATE(2025,3,1))* 'Raw Data'!AB11:AB1217 ) *'Entire Project Overiew'!R19 ) + ( COUNT( _xlfn._xlws.FILTER( 'Raw Data'!AB11:AB1217, (('Raw Data'!AB11:AB1217*-'Entire Project Overiew'!R19)>'Entire Project Overiew'!B11)* ('Raw Data'!$M$11:$M$1217=DATE(2025,3,1)) ) ) *'Entire Project Overiew'!B11 )} -> 0 | AB59: {=( SUMPRODUCT( (('Raw Data'!AB11:AB1217*-'Entire Project Overiew'!R19)>'Entire Project Overiew'!B11)* ('Raw Data'!$M$11:$M$1217=DATE(2025,4,1))* 'Raw Data'!AB11:AB1217 ) *'Entire Project Overiew'!R19 ) + ( COUNT( _xlfn._xlws.FILTER( 'Raw Data'!AB11:AB1217, (('Raw Data'!AB11:AB1217*-'Entire Project Overiew'!R19)>'Entire Project Overiew'!B11)* ('Raw Data'!$M$11:$M$1217=DATE(2025,4,1)) ) ) *'Entire Project Overiew'!B11 )} -> 0 | AC59: {=( SUMPRODUCT( (('Raw Data'!AB11:AB1217*-'Entire Project Overiew'!R19)>'Entire Project Overiew'!B11)* ('Raw Data'!$M$11:$M$1217=DATE(2025,5,1))* 'Raw Data'!AB11:AB1217 ) *'Entire Project Overiew'!R19 ) + ( COUNT( _xlfn._xlws.FILTER( 'Raw Data'!AB11:AB1217, (('Raw Data'!AB11:AB1217*-'Entire Project Overiew'!R19)>'Entire Project Overiew'!B11)* ('Raw Data'!$M$11:$M$1217=DATE(2025,5,1)) ) ) *'Entire Project Overiew'!B11 )} -> 0 | AD59: {=( SUMPRODUCT( (('Raw Data'!AB11:AB1217*-'Entire Project Overiew'!R19)>'Entire Project Overiew'!B11)* ('Raw Data'!$M$11:$M$1217=DATE(2025,6,1))* 'Raw Data'!AB11:AB1217 ) *'Entire Project Overiew'!R19 ) + ( COUNT( _xlfn._xlws.FILTER( 'Raw Data'!AB11:AB1217, (('Raw Data'!AB11:AB1217*-'Entire Project Overiew'!R19)>'Entire Project Overiew'!B11)* ('Raw Data'!$M$11:$M$1217=DATE(2025,6,1)) ) ) *'Entire Project Overiew'!B11 )} -> 0 | AE59: {=( SUMPRODUCT( (('Raw Data'!AB11:AB1217*-'Entire Project Overiew'!R19)>'Entire Project Overiew'!B11)* ('Raw Data'!$M$11:$M$1217=DATE(2025,7,1))* 'Raw Data'!AB11:AB1217 ) *'Entire Project Overiew'!R19 ) + ( COUNT( _xlfn._xlws.FILTER( 'Raw Data'!AB11:AB1217, (('Raw Data'!AB11:AB1217*-'Entire Project Overiew'!R19)>'Entire Project Overiew'!B11)* ('Raw Data'!$M$11:$M$1217=DATE(2025,7,1)) ) ) *'Entire Project Overiew'!B11 )} -> 0 | AF59: {=( SUMPRODUCT( (('Raw Data'!AB11:AB1217*-'Entire Project Overiew'!R19)>'Entire Project Overiew'!B11)* ('Raw Data'!$M$11:$M$1217=DATE(2025,8,1))* 'Raw Data'!AB11:AB1217 ) *'Entire Project Overiew'!R19 ) + ( COUNT( _xlfn._xlws.FILTER( 'Raw Data'!AB11:AB1217, (('Raw Data'!AB11:AB1217*-'Entire Project Overiew'!R19)>'Entire Project Overiew'!B11)* ('Raw Data'!$M$11:$M$1217=DATE(2025,8,1)) ) ) *'Entire Project Overiew'!B11 )} -> 0 | AG59: {=( SUMPRODUCT( (('Raw Data'!AB11:AB1217*-'Entire Project Overiew'!R19)>'Entire Project Overiew'!B11)* ('Raw Data'!$M$11:$M$1217=DATE(2025,9,1))* 'Raw Data'!AB11:AB1217 ) *'Entire Project Overiew'!R19 ) + ( COUNT( _xlfn._xlws.FILTER( 'Raw Data'!AB11:AB1217, (('Raw Data'!AB11:AB1217*-'Entire Project Overiew'!R19)>'Entire Project Overiew'!B11)* ('Raw Data'!$M$11:$M$1217=DATE(2025,9,1)) ) ) *'Entire Project Overiew'!B11 )} -> 0 | AH59: {=( SUMPRODUCT( (('Raw Data'!AB11:AB1217*-'Entire Project Overiew'!R19)>'Entire Project Overiew'!B11)* ('Raw Data'!$M$11:$M$1217=DATE(2025,10,1))* 'Raw Data'!AB11:AB1217 ) *'Entire Project Overiew'!R19 ) + ( COUNT( _xlfn._xlws.FILTER( 'Raw Data'!AB11:AB1217, (('Raw Data'!AB11:AB1217*-'Entire Project Overiew'!R19)>'Entire Project Overiew'!B11)* ('Raw Data'!$M$11:$M$1217=DATE(2025,10,1)) ) ) *'Entire Project Overiew'!B11 )} -> 0 | AI59: {=( SUMPRODUCT( (('Raw Data'!AB11:AB1217*-'Entire Project Overiew'!R19)>'Entire Project Overiew'!B11)* ('Raw Data'!$M$11:$M$1217=DATE(2025,11,1))* 'Raw Data'!AB11:AB1217 ) *'Entire Project Overiew'!R19 ) + ( COUNT( _xlfn._xlws.FILTER( 'Raw Data'!AB11:AB1217, (('Raw Data'!AB11:AB1217*-'Entire Project Overiew'!R19)>'Entire Project Overiew'!B11)* ('Raw Data'!$M$11:$M$1217=DATE(2025,11,1)) ) ) *'Entire Project Overiew'!B11 )} -> 0 | AJ59: {=( SUMPRODUCT( (('Raw Data'!AB11:AB1217*-'Entire Project Overiew'!R19)>'Entire Project Overiew'!B11)* ('Raw Data'!$M$11:$M$1217=DATE(2025,12,1))* 'Raw Data'!AB11:AB1217 ) *'Entire Project Overiew'!R19 ) + ( COUNT( _xlfn._xlws.FILTER( 'Raw Data'!AB11:AB1217, (('Raw Data'!AB11:AB1217*-'Entire Project Overiew'!R19)>'Entire Project Overiew'!B11)* ('Raw Data'!$M$11:$M$1217=DATE(2025,12,1)) ) ) *'Entire Project Overiew'!B11 )} -> 0 | AK59: {=( SUMPRODUCT( (('Raw Data'!AB11:AB1217*-'Entire Project Overiew'!R19)>'Entire Project Overiew'!B11)* ('Raw Data'!$M$11:$M$1217=DATE(2026,1,1))* 'Raw Data'!AB11:AB1217 ) *'Entire Project Overiew'!R19 ) + ( COUNT( _xlfn._xlws.FILTER( 'Raw Data'!AB11:AB1217, (('Raw Data'!AB11:AB1217*-'Entire Project Overiew'!R19)>'Entire Project Overiew'!B11)* ('Raw Data'!$M$11:$M$1217=DATE(2026,1,1)) ) ) *'Entire Project Overiew'!B11 )} -> 0 | AL59: {=( SUMPRODUCT( (('Raw Data'!AB11:AB1217*-'Entire Project Overiew'!R19)>'Entire Project Overiew'!B11)* ('Raw Data'!$M$11:$M$1217=DATE(2026,2,1))* 'Raw Data'!AB11:AB1217 ) *'Entire Project Overiew'!R19 ) + ( COUNT( _xlfn._xlws.FILTER( 'Raw Data'!AB11:AB1217, (('Raw Data'!AB11:AB1217*-'Entire Project Overiew'!R19)>'Entire Project Overiew'!B11)* ('Raw Data'!$M$11:$M$1217=DATE(2026,2,1)) ) ) *'Entire Project Overiew'!B11 )} -> 0 | AM59: {=( SUMPRODUCT( (('Raw Data'!AB11:AB1217*-'Entire Project Overiew'!R19)>'Entire Project Overiew'!B11)* ('Raw Data'!$M$11:$M$1217=DATE(2026,3,1))* 'Raw Data'!AB11:AB1217 ) *'Entire Project Overiew'!R19 ) + ( COUNT( _xlfn._xlws.FILTER( 'Raw Data'!AB11:AB1217, (('Raw Data'!AB11:AB1217*-'Entire Project Overiew'!R19)>'Entire Project Overiew'!B11)* ('Raw Data'!$M$11:$M$1217=DATE(2026,3,1)) ) ) *'Entire Project Overiew'!B11 )} -> 0 | AN59: {=( SUMPRODUCT( (('Raw Data'!AB11:AB1217*-'Entire Project Overiew'!R19)>'Entire Project Overiew'!B11)* ('Raw Data'!$M$11:$M$1217=DATE(2026,4,1))* 'Raw Data'!AB11:AB1217 ) *'Entire Project Overiew'!R19 ) + ( COUNT( _xlfn._xlws.FILTER( 'Raw Data'!AB11:AB1217, (('Raw Data'!AB11:AB1217*-'Entire Project Overiew'!R19)>'Entire Project Overiew'!B11)* ('Raw Data'!$M$11:$M$1217=DATE(2026,4,1)) ) ) *'Entire Project Overiew'!B11 )} -> 0 | AO59: {=( SUMPRODUCT( (('Raw Data'!AB11:AB1217*-'Entire Project Overiew'!R19)>'Entire Project Overiew'!B11)* ('Raw Data'!$M$11:$M$1217=DATE(2026,5,1))* 'Raw Data'!AB11:AB1217 ) *'Entire Project Overiew'!R19 ) + ( COUNT( _xlfn._xlws.FILTER( 'Raw Data'!AB11:AB1217, (('Raw Data'!AB11:AB1217*-'Entire Project Overiew'!R19)>'Entire Project Overiew'!B11)* ('Raw Data'!$M$11:$M$1217=DATE(2026,5,1)) ) ) *'Entire Project Overiew'!B11 )} -> 0 | AP59: {=( SUMPRODUCT( (('Raw Data'!AB11:AB1217*-'Entire Project Overiew'!R19)>'Entire Project Overiew'!B11)* ('Raw Data'!$M$11:$M$1217=DATE(2026,6,1))* 'Raw Data'!AB11:AB1217 ) *'Entire Project Overiew'!R19 ) + ( COUNT( _xlfn._xlws.FILTER( 'Raw Data'!AB11:AB1217, (('Raw Data'!AB11:AB1217*-'Entire Project Overiew'!R19)>'Entire Project Overiew'!B11)* ('Raw Data'!$M$11:$M$1217=DATE(2026,6,1)) ) ) *'Entire Project Overiew'!B11 )} -> 0 | AQ59: =SUM(B59:AP59) -> 0
A61: TOTAL COSTS
A62: Total Variable Costs | B62: =SUM(B13,B18,B23,B31,B36,B42,B49,B54,B59) -> 37421.95 | C62: =SUM(C13,C18,C23,C31,C36,C42,C49,C54,C59) -> 199.83 | D62: =SUM(D13,D18,D23,D31,D36,D42,D49,D54,D59) -> 6846.62 | E62: =SUM(E13,E18,E23,E31,E36,E42,E49,E54,E59) -> 110470.47 | F62: =SUM(F13,F18,F23,F31,F36,F42,F49,F54,F59) -> 112373.63 | G62: =SUM(G13,G18,G23,G31,G36,G42,G49,G54,G59) -> 1720.23 | H62: =SUM(H13,H18,H23,H31,H36,H42,H49,H54,H59) -> 2917.01 | I62: =SUM(I13,I18,I23,I31,I36,I42,I49,I54,I59) -> 2671.3 | ... AP62: =SUM(AP13,AP18,AP23,AP31,AP36,AP42,AP49,AP54,AP59) -> 1382.55 | AQ62: =SUM(B62:AP62) -> 4911297.9
A63: Total Fixed Costs | B63: =B8 -> 15260 | C63: =C8 -> 1635 | D63: =D8 -> 3270 | E63: =E8 -> 40875 | F63: =F8 -> 41965 | G63: =G8 -> 2180 | H63: =H8 -> 3815 | I63: =I8 -> 3815 | ... AP63: =AP8 -> 3270 | AQ63: =SUM(B63:AP63) -> 657815
A64: Total Costs | B64: =SUM(B62:B63) -> 52681.95 | C64: =SUM(C62:C63) -> 1834.83 | D64: =SUM(D62:D63) -> 10116.62 | E64: =SUM(E62:E63) -> 151345.47 | F64: =SUM(F62:F63) -> 154338.63 | G64: =SUM(G62:G63) -> 3900.23 | H64: =SUM(H62:H63) -> 6732.01 | I64: =SUM(I62:I63) -> 6486.3 | ... AP64: =SUM(AP62:AP63) -> 4652.55 | AQ64: =SUM(B64:AP64) -> 5569112.9

Sheet Monthly $ Break Down (wo TRUE(
A1: GATEWAY CONSTRUCTION TRUE COST BENEFIT ANALYSIS
B3: Typical Hauling Metrics without TRUE (no source seperation) | AS3: Total Cost Savings with TRUE (for 12 months)
A4: Year: | B4: 2022 | C4: 2022 | D4: 2023 | E4: 2023 | F4: 2023 | G4: 2023 | H4: 2023 | I4: 2023 | J4: 2023 | K4: 2023 | L4: 2023 | M4: 2024 | N4: 2024 | O4: 2024 | P4: 2024 | Q4: 2024 | R4: 2024 | S4: 2024 | T4: 2024 | U4: 2024 | V4: 2024 | W4: 2024 | X4: 2024 | Y4: 2025 | Z4: 2025 | AA4: 2025 | AB4: 2025 | AC4: 2025 | AD4: 2025 | AE4: 2025 | AF4: 2025 | AG4: 2025 | AH4: 2025 | AI4: 2025 | AJ4: 2025 | AK4: 2026 | AL4: 2026 | AM4: 2026 | AN4: 2026 | AO4: 2026 | AP4: 2026 | AQ4: Total: | AS4: Total Costs with source seperation (pursuing TRUE) | AW4: ='Monthly $ Break Down (TRUE)'!AQ64 -> 5569112.9
A5: Month: | B5: Nov | C5: Dec | D5: Apr | E5: May | F5: Jun | G5: Jul | H5: Aug | I5: Sep | J5: Oct | K5: Nov | L5: Dec | M5: Jan | N5: Feb | O5: Mar | P5: Apr | Q5: May | R5: Jun | S5: Jul | T5: Aug | U5: Sep | V5: Oct | W5: Nov | X5: Dec | Y5: Jan | Z5: Feb | AA5: Mar | AB5: Apr | AC5: May | AD5: Jun | AE5: Jul | AF5: Aug | AG5: Sept | AH5: Oct | AI5: Nov | AJ5: Dec | AK5: Jan | AL5: Feb | AM5: Mar | AN5: Apr | AO5: May | AP5: Jun | AS5: Total Costs without any source seperation (not pursuing TRUE) | AW5: =AQ32 -> 7399640.3
A6: Fixed Hauling Fees | AS6: Total Cost Savings from source seperating | AW6: =AW5-AW4 -> 1830527.3
A7: Total hauls | B7: =COUNTIF('Raw Data'!$M$11:$M$1217,DATE(2022,11,1)) -> 28 | C7: =COUNTIF('Raw Data'!$M$11:$M$1217,DATE(2022,12,1)) -> 3 | D7: =COUNTIF('Raw Data'!$M$11:$M$1217,DATE(2023,4,1)) -> 6 | E7: =COUNTIF('Raw Data'!$M$11:$M$1217,DATE(2023,5,1)) -> 75 | F7: =COUNTIF('Raw Data'!$M$11:$M$1217,DATE(2023,6,1)) -> 77 | G7: =COUNTIF('Raw Data'!$M$11:$M$1217,DATE(2023,7,1)) -> 4 | H7: =COUNTIF('Raw Data'!$M$11:$M$1217,DATE(2023,8,1)) -> 7 | I7: =COUNTIF('Raw Data'!$M$11:$M$1217,DATE(2023,9,1)) -> 7 | J7: =COUNTIF('Raw Data'!$M$11:$M$1217,DATE(2023,10,1)) -> 17 | K7: =COUNTIF('Raw Data'!$M$11:$M$1217,DATE(2023,11,1)) -> 10 | L7: =COUNTIF('Raw Data'!$M$11:$M$1217,DATE(2023,12,1)) -> 6 | M7: =COUNTIF('Raw Data'!$M$11:$M$1217,DATE(2024,1,1)) -> 21 | N7: =COUNTIF('Raw Data'!$M$11:$M$1217,DATE(2024,2,1)) -> 27 | O7: =COUNTIF('Raw Data'!$M$11:$M$1217,DATE(2024,3,1)) -> 37 | P7: =COUNTIF('Raw Data'!$M$11:$M$1217,DATE(2024,4,1)) -> 10 | Q7: =COUNTIF('Raw Data'!$M$11:$M$1217,DATE(2024,5,1)) -> 12 | R7: =COUNTIF('Raw Data'!$M$11:$M$1217,DATE(2024,6,1)) -> 10 | S7: =COUNTIF('Raw Data'!$M$11:$M$1217,DATE(2024,7,1)) -> 10 | T7: =COUNTIF('Raw Data'!$M$11:$M$1217,DATE(2024,8,1)) -> 26 | U7: =COUNTIF('Raw Data'!$M$11:$M$1217,DATE(2024,9,1)) -> 36 | V7: =COUNTIF('Raw Data'!$M$11:$M$1217,DATE(2024,10,1)) -> 81 | W7: =COUNTIF('Raw Data'!$M$11:$M$1217,DATE(2024,11,1)) -> 38 | X7: =COUNTIF('Raw Data'!$M$11:$M$1217,DATE(2024,12,1)) -> 36 | Y7: =COUNTIF('Raw Data'!$M$11:$M$1217,DATE(2025,1,1)) -> 29 | Z7: =COUNTIF('Raw Data'!$M$11:$M$1217,DATE(2025,2,1)) -> 36 | AA7: =COUNTIF('Raw Data'!$M$11:$M$1217,DATE(2025,3,1)) -> 49 | AB7: =COUNTIF('Raw Data'!$M$11:$M$1217,DATE(2025,4,1)) -> 48 | AC7: =COUNTIF('Raw Data'!$M$11:$M$1217,DATE(2025,5,1)) -> 57 | AD7: =COUNTIF('Raw Data'!$M$11:$M$1217,DATE(2025,6,1)) -> 52 | AE7: =COUNTIF('Raw Data'!$M$11:$M$1217,DATE(2025,7,1)) -> 39 | AF7: =COUNTIF('Raw Data'!$M$11:$M$1217,DATE(2025,8,1)) -> 33 | AG7: =COUNTIF('Raw Data'!$M$11:$M$1217,DATE(2025,9,1)) -> 37 | AH7: =COUNTIF('Raw Data'!$M$11:$M$1217,DATE(2025,10,1)) -> 46 | AI7: =COUNTIF('Raw Data'!$M$11:$M$1217,DATE(2025,11,1)) -> 29 | AJ7: =COUNTIF('Raw Data'!$M$11:$M$1217,DATE(2025,12,1)) -> 39 | AK7: =COUNTIF('Raw Data'!$M$11:$M$1217,DATE(2026,1,1)) -> 54 | AL7: =COUNTIF('Raw Data'!$M$11:$M$1217,DATE(2026,2,1)) -> 28 | AM7: =COUNTIF('Raw Data'!$M$11:$M$1217,DATE(2026,3,1)) -> 19 | AN7: =COUNTIF('Raw Data'!$M$11:$M$1217,DATE(2026,4,1)) -> 12 | AO7: =COUNTIF('Raw Data'!$M$11:$M$1217,DATE(2026,5,1)) -> 10 | AP7: =COUNTIF('Raw Data'!$M$11:$M$1217,DATE(2026,6,1)) -> 6 | AQ7: =SUM(B7:AP7) -> 1207
A8: Fixed Hauling Costs | B8: =B7*'Entire Project Overiew'!$O$11 -> 15260 | C8: =C7*'Entire Project Overiew'!$O$11 -> 1635 | D8: =D7*'Entire Project Overiew'!$O$11 -> 3270 | E8: =E7*'Entire Project Overiew'!$O$11 -> 40875 | F8: =F7*'Entire Project Overiew'!$O$11 -> 41965 | G8: =G7*'Entire Project Overiew'!$O$11 -> 2180 | H8: =H7*'Entire Project Overiew'!$O$11 -> 3815 | I8: =I7*'Entire Project Overiew'!$O$11 -> 3815 | ... AP8: =AP7*'Entire Project Overiew'!$O$11 -> 3270 | AQ8: =SUM(B8:AP8) -> 657815
A10: Mixed C&D
A11: Trash Sorted for Recovery | B11: 0 | C11: 0 | D11: 4.6255 | E11: 2.9435 | F11: 0 | G11: 1.5312 | H11: 0 | I11: 0 | J11: 0 | K11: 0 | L11: 0 | M11: 0 | N11: 0 | O11: 0 | P11: 0 | Q11: 0 | R11: 0 | S11: 0 | T11: 0 | U11: 0 | V11: 0 | W11: 0 | X11: 0 | Y11: 0 | Z11: 0 | AA11: 0 | AB11: 0 | AC11: 0 | AD11: 0 | AE11: 0 | AF11: 0 | AG11: 0 | AH11: 0 | AI11: 0 | AJ11: 0 | AK11: 0 | AL11: 0 | AM11: 0 | AN11: 0 | AO11: 0 | AP11: 0 | AQ11: =SUM(B11:AP11) -> 9.1002
A12: Plastics & Plastic Packaging Materials | B12: 0 | C12: 0 | D12: 0 | E12: 0 | F12: 0 | G12: 0 | H12: 0 | I12: 0 | J12: 0 | K12: 0 | L12: 0 | M12: 0 | N12: 0 | O12: 0 | P12: 0 | Q12: 0 | R12: 0 | S12: 0 | T12: 0 | U12: 0 | V12: 0 | W12: 0.846 | X12: 0.7 | Y12: 0 | Z12: 0 | AA12: 0 | AB12: 0 | AC12: 0 | AD12: 0 | AE12: 0 | AF12: 0 | AG12: 2.07 | AH12: 0 | AI12: 0 | AJ12: 0 | AK12: 0 | AL12: 0 | AM12: 0 | AN12: 0 | AO12: 0 | AP12: 0 | AQ12: =SUM(B12:AP12) -> 3.616
A13: Compost | B13: 0 | C13: 0 | D13: 0 | E13: 0 | F13: 0 | G13: 0 | H13: 0 | I13: 0 | J13: 0 | K13: 0 | L13: 0 | M13: 0 | N13: 0 | O13: 0 | P13: 0 | Q13: 0 | R13: 0 | S13: 0 | T13: 0 | U13: 0 | V13: 0 | W13: 0 | X13: 0 | Y13: 0 | Z13: 0 | AA13: 0 | AB13: 0 | AC13: 0 | AD13: 0 | AE13: 0 | AF13: 0 | AG13: 0.75 | AH13: 0 | AI13: 0 | AJ13: 0 | AK13: 0 | AL13: 0 | AM13: 0 | AN13: 0 | AO13: 0 | AP13: 0 | AQ13: =SUM(B13:AP13) -> 0.75
A14: Miscellaneous Debris | B14: 0 | C14: 0 | D14: 11.3245 | E14: 7.2065 | F14: 0 | G14: 3.7488 | H14: 0 | I14: 0 | J14: 1.1244 | K14: 0 | L14: 0 | M14: 0.9384 | N14: 0 | O14: 0 | P14: 0 | Q14: 0 | R14: 0 | S14: 0 | T14: 0 | U14: 0 | V14: 0 | W14: 0 | X14: 0 | Y14: 0 | Z14: 0 | AA14: 0 | AB14: 0 | AC14: 0 | AD14: 0 | AE14: 0 | AF14: 0 | AG14: 0 | AH14: 0 | AI14: 0 | AJ14: 0 | AK14: 0 | AL14: 0 | AM14: 0 | AN14: 0 | AO14: 0 | AP14: 0 | AQ14: =SUM(B14:AP14) -> 24.3426
A15: Alternate Daily Cover (ADC) | B15: 0.41 | C15: 0.3348 | D15: 0 | E15: 0 | F15: 1.12 | G15: 0 | H15: 0 | I15: 0 | J15: 0 | K15: 5.32 | L15: 1.8 | M15: 3.24 | N15: 6.2 | O15: 6.985 | P15: 5.69 | Q15: 5.11 | R15: 4.04 | S15: 3.74 | T15: 8.6 | U15: 2.79 | V15: 0.54 | W15: 1.1355 | X15: 3.72 | Y15: 6.64 | Z15: 2.93 | AA15: 4.21 | AB15: 10.35 | AC15: 15.13 | AD15: 36.95 | AE15: 24.43 | AF15: 17.66 | AG15: 12.33 | AH15: 28.007 | AI15: 5.93 | AJ15: 18.3404 | AK15: 35.3696 | AL15: 26.6619 | AM15: 13.2152 | AN15: 13.0173 | AO15: 18.6604 | AP15: 3.8268 | AQ15: =SUM(B15:AP15) -> 354.4339
A16: Mixed Recyclables | B16: 0.33 | C16: 0.28 | D16: 0 | E16: 0 | F16: 0.91 | G16: 0 | H16: 0 | I16: 0 | J16: 2.8056 | K16: 4.31 | L16: 1.46 | M16: 5.5676 | N16: 5.01 | O16: 6.504 | P16: 4.6 | Q16: 4.49 | R16: 3.26 | S16: 3.03 | T16: 6.99 | U16: 10.29 | V16: 0.44 | W16: 0.9 | X16: 3 | Y16: 5.39 | Z16: 2.38 | AA16: 3.39 | AB16: 8.39 | AC16: 12.24 | AD16: 29.94 | AE16: 19.84 | AF16: 14.32 | AG16: 10.18 | AH16: 22.73 | AI16: 4.81 | AJ16: 14.8662 | AK16: 28.6564 | AL16: 21.6019 | AM16: 10.7069 | AN16: 10.5465 | AO16: 15.0558 | AP16: 3.1006 | AQ16: =SUM(B16:AP16) -> 302.3215
A17: Waste (Trash) | B17: 0.34 | C17: 0.27 | D17: 0 | E17: 0 | F17: 0.93 | G17: 0 | H17: 0 | I17: 0 | J17: 0 | K17: 4.36 | L17: 1.48 | M17: 2.64 | N17: 5.08 | O17: 5.73 | P17: 4.64 | Q17: 4.16 | R17: 3.28 | S17: 3.07 | T17: 7.05 | U17: 2.3 | V17: 0.45 | W17: 0.91 | X17: 3.02 | Y17: 5.45 | Z17: 2.4 | AA17: 3.41 | AB17: 8.48 | AC17: 12.3836 | AD17: 30.26 | AE17: 20.05 | AF17: 14.46 | AG17: 8.45 | AH17: 22.9 | AI17: 4.86 | AJ17: 15.0126 | AK17: 28.9539 | AL17: 21.826 | AM17: 10.8181 | AN17: 10.6561 | AO17: 15.1337 | AP17: 3.1326 | AQ17: =SUM(B17:AP17) -> 288.3466
A18: Wood - Clean | B18: 0 | C18: 1.31 | D18: 0 | E18: 0 | F18: 0 | G18: 7.92 | H18: 19.4 | I18: 16.14 | J18: 32.5 | K18: 5.02 | L18: 3.88 | M18: 34.804 | N18: 6.13 | O18: 41.19 | P18: 22.55 | Q18: 14.34 | R18: 13.22 | S18: 11.64 | T18: 25.83 | U18: 41.02 | V18: 59.43 | W18: 11.0545 | X18: 15.92 | Y18: 8.91 | Z18: 14.35 | AA18: 19.44 | AB18: 17.39 | AC18: 33.0164 | AD18: 21.14 | AE18: 12.47 | AF18: 0.9 | AG18: 5.82 | AH18: 26.26 | AI18: 78.94 | AJ18: 64.74 | AK18: 29.13 | AL18: 16.46 | AM18: 6.45 | AN18: 8.33 | AO18: 0 | AP18: 4.43 | AQ18: =SUM(B18:AP18) -> 751.4749
A19: Drywall - Demo & painted | B19: 0 | C19: 0 | D19: 0 | E19: 0 | F19: 0 | G19: 0 | H19: 0 | I19: 0 | J19: 0 | K19: 0 | L19: 0 | M19: 0 | N19: 0 | O19: 0 | P19: 0 | Q19: 0 | R19: 0 | S19: 0 | T19: 5.83 | U19: 0 | V19: 0 | W19: 0 | X19: 0 | Y19: 0 | Z19: 0 | AA19: 0 | AB19: 0 | AC19: 0 | AD19: 0 | AE19: 0 | AF19: 0 | AG19: 9.67 | AH19: 4.95 | AI19: 0 | AJ19: 0 | AK19: 0 | AL19: 0 | AM19: 0 | AN19: 0 | AO19: 0 | AP19: 0 | AQ19: =SUM(B19:AP19) -> 20.45
A20: Drywall - Clean/Unpainted | B20: 0 | C20: 0 | D20: 0 | E20: 0 | F20: 0 | G20: 0 | H20: 0 | I20: 0 | J20: 0 | K20: 0 | L20: 0 | M20: 0 | N20: 0 | O20: 0 | P20: 0 | Q20: 0 | R20: 0 | S20: 0 | T20: 0 | U20: 14.37 | V20: 37.1 | W20: 70.66 | X20: 81.7 | Y20: 68.46 | Z20: 93.07 | AA20: 112.39 | AB20: 90.8 | AC20: 80.24 | AD20: 10.63 | AE20: 42.72 | AF20: 60.02 | AG20: 67.84 | AH20: 32.32 | AI20: 31.5 | AJ20: 34.95 | AK20: 10.8 | AL20: 0 | AM20: 0 | AN20: 0 | AO20: 0 | AP20: 0 | AQ20: =SUM(B20:AP20) -> 939.57
A21: Asphalt - Pavement & Grinding | B21: 0 | C21: 0 | D21: 0 | E21: 0 | F21: 0 | G21: 0 | H21: 0 | I21: 0 | J21: 0 | K21: 0 | L21: 0 | M21: 0 | N21: 0 | O21: 0 | P21: 0 | Q21: 0 | R21: 0 | S21: 0 | T21: 0 | U21: 0 | V21: 0 | W21: 0 | X21: 0 | Y21: 0 | Z21: 0 | AA21: 0 | AB21: 0 | AC21: 0 | AD21: 29.41 | AE21: 0 | AF21: 0 | AG21: 0 | AH21: 21.42 | AI21: 2.5 | AJ21: 46.1709 | AK21: 271.0706 | AL21: 9.85 | AM21: 0 | AN21: 0 | AO21: 0 | AP21: 0 | AQ21: =SUM(B21:AP21) -> 380.4215
A22: Concrete | B22: 511.15 | C22: 0 | D22: 71.94 | E22: 1499.39 | F22: 1535.31 | G22: 7.11 | H22: 17.37 | I22: 17.8 | J22: 31.34 | K22: 16.32 | L22: 12.24 | M22: 47.71 | N22: 53.9 | O22: 87.12 | P22: 0 | Q22: 4.95 | R22: 14.31 | S22: 27.24 | T22: 50.15 | U22: 74.54 | V22: 281.26 | W22: 36.64 | X22: 13.66 | Y22: 6.75 | Z22: 11.13 | AA22: 0 | AB22: 7.59 | AC22: 30.1 | AD22: 15.57 | AE22: 12.32 | AF22: 47.66 | AG22: 85.75 | AH22: 67.49 | AI22: 3.2 | AJ22: 64.1707 | AK22: 112.749 | AL22: 8 | AM22: 19.92 | AN22: 0 | AO22: 0 | AP22: 0 | AQ22: =SUM(B22:AP22) -> 4903.8497
... A25: Cardboard & Paper Products | B25: 0 | C25: 0 | D25: 0 | E25: 0 | F25: 0 | G25: 0 | H25: 0 | I25: 0 | J25: 0 | K25: 0 | L25: 0 | M25: 0 | N25: 3.38 | O25: 1.85 | P25: 0 | Q25: 0.63 | R25: 0 | S25: 0 | T25: 0 | U25: 0 | V25: 0 | W25: 0 | X25: 0 | Y25: 0 | Z25: 0 | AA25: 0 | AB25: 0 | AC25: 0 | AD25: 0 | AE25: 4.149 | AF25: 0 | AG25: 0 | AH25: 0 | AI25: 0 | AJ25: 0 | AK25: 0 | AL25: 0 | AM25: 0 | AN25: 0 | AO25: 0 | AP25: 0 | AQ25: =SUM(B25:AP25) -> 10.009
A26: Total Mixed C&D | B26: =SUM(B11:B25) -> 515.75 | C26: =SUM(C11:C25) -> 11.1148 | D26: =SUM(D11:D25) -> 87.89 | E26: =SUM(E11:E25) -> 1524.25 | F26: =SUM(F11:F25) -> 1561.38 | G26: =SUM(G11:G25) -> 20.31 | H26: =SUM(H11:H25) -> 36.77 | I26: =SUM(I11:I25) -> 33.94 | ... AP26: =SUM(AP11:AP25) -> 14.49 | AQ26: =SUM(B26:AP26) -> 67418.253
A27: Total Mixed C&D Costs | B27: =B26*'Entire Project Overiew'!$R$15 -> 51575 | C27: =C26*'Entire Project Overiew'!$R$15 -> 1111.48 | D27: =D26*'Entire Project Overiew'!$R$15 -> 8789 | E27: =E26*'Entire Project Overiew'!$R$15 -> 152425 | F27: =F26*'Entire Project Overiew'!$R$15 -> 156138 | G27: =G26*'Entire Project Overiew'!$R$15 -> 2031 | H27: =H26*'Entire Project Overiew'!$R$15 -> 3677 | I27: =I26*'Entire Project Overiew'!$R$15 -> 3394 | ... AP27: =AP26*'Entire Project Overiew'!$R$15 -> 1449 | AQ27: =SUM(B27:AP27) -> 6741825.3
A29: TOTAL COSTS
A30: Total Variable Costs | B30: =B27 -> 51575 | C30: =C27 -> 1111.48 | D30: =D27 -> 8789 | E30: =E27 -> 152425 | F30: =F27 -> 156138 | G30: =G27 -> 2031 | H30: =H27 -> 3677 | I30: =I27 -> 3394 | ... AP30: =AP27 -> 1449 | AQ30: =SUM(B30:AP30) -> 6741825.3
A31: Total Fixed Costs | B31: =B8 -> 15260 | C31: =C8 -> 1635 | D31: =D8 -> 3270 | E31: =E8 -> 40875 | F31: =F8 -> 41965 | G31: =G8 -> 2180 | H31: =H8 -> 3815 | I31: =I8 -> 3815 | ... AP31: =AP8 -> 3270 | AQ31: =SUM(B31:AP31) -> 657815
A32: Total Costs | B32: =SUM(B30:B31) -> 66835 | C32: =SUM(C30:C31) -> 2746.48 | D32: =SUM(D30:D31) -> 12059 | E32: =SUM(E30:E31) -> 193300 | F32: =SUM(F30:F31) -> 198103 | G32: =SUM(G30:G31) -> 4211 | H32: =SUM(H30:H31) -> 7492 | I32: =SUM(I30:I31) -> 7209 | ... AP32: =SUM(AP30:AP31) -> 4719 | AQ32: =SUM(B32:AP32) -> 7399640.3

Sheet 12 months
A1: GATEWAY CONSTRUCTION TRUE COST BENEFIT ANALYSIS (for most recent 12 months of project)
A3: Total Cost Savings with TRUE (for 12 months)
A4: Total Costs with source seperation (pursuing TRUE) | E4: =N69 -> 336534.39
A5: Total Costs without any source seperation (not pursuing TRUE) | E5: =AC37 -> 393839.71
A6: Total Cost Savings from source seperating | E6: =E5-E4 -> 57305.322
A8: Gateway Hauling Metrics with TRUE (>90% Diversion) | P8: Typical Hauling Metrics without TRUE (no source seperation)
A9: Year: | B9: 2025 | C9: 2025 | D9: 2025 | E9: 2025 | F9: 2025 | G9: 2025 | H9: 2026 | I9: 2026 | J9: 2026 | K9: 2026 | L9: 2026 | M9: 2026 | N9: Total: | P9: Year: | Q9: 2025 | R9: 2025 | S9: 2025 | T9: 2025 | U9: 2025 | V9: 2025 | W9: 2026 | X9: 2026 | Y9: 2026 | Z9: 2026 | AA9: 2026 | AB9: 2026 | AC9: Total:
A10: Month: | B10: Jul | C10: Aug | D10: Sept | E10: Oct | F10: Nov | G10: Dec | H10: Jan | I10: Feb | J10: Mar | K10: Apr | L10: May | M10: Jun | P10: Month: | Q10: Jul | R10: Aug | S10: Sept | T10: Oct | U10: Nov | V10: Dec | W10: Jan | X10: Feb | Y10: Mar | Z10: Apr | AA10: May | AB10: Jun
A11: Fixed Hauling Fees | P11: Fixed Hauling Fees
A12: Total hauls | B12: 39 | C12: 33 | D12: 37 | E12: 46 | F12: 29 | G12: 39 | H12: 54 | I12: 28 | J12: 19 | K12: 12 | L12: 10 | M12: 6 | N12: =SUM(B12:M12) -> 352 | P12: Total hauls | Q12: =COUNTIF('Raw Data'!$M$11:$M$1217,"7/1/25") -> 39 | R12: =COUNTIF('Raw Data'!$M$11:$M$1217,"8/1/25") -> 33 | S12: =COUNTIF('Raw Data'!$M$11:$M$1217,"9/1/25") -> 37 | T12: =COUNTIF('Raw Data'!$M$11:$M$1217,"10/1/25") -> 46 | U12: =COUNTIF('Raw Data'!$M$11:$M$1217,"11/1/25") -> 29 | V12: =COUNTIF('Raw Data'!$M$11:$M$1217,"12/1/25") -> 39 | W12: =COUNTIF('Raw Data'!$M$11:$M$1217,"1/1/26") -> 54 | X12: =COUNTIF('Raw Data'!$M$11:$M$1217,"2/1/26") -> 28 | Y12: =COUNTIF('Raw Data'!$M$11:$M$1217,"3/1/26") -> 19 | Z12: =COUNTIF('Raw Data'!$M$11:$M$1217,"4/1/26") -> 12 | AA12: =COUNTIF('Raw Data'!$M$11:$M$1217,"5/1/26") -> 10 | AB12: =COUNTIF('Raw Data'!$M$11:$M$1217,"6/1/26") -> 6 | AC12: =SUM(Q12:AB12) -> 352
A13: Fixed Hauling Costs | B13: =B12*'Entire Project Overiew'!$O$11 -> 21255 | C13: =C12*'Entire Project Overiew'!$O$11 -> 17985 | D13: =D12*'Entire Project Overiew'!$O$11 -> 20165 | E13: =E12*'Entire Project Overiew'!$O$11 -> 25070 | F13: =F12*'Entire Project Overiew'!$O$11 -> 15805 | G13: =G12*'Entire Project Overiew'!$O$11 -> 21255 | H13: =H12*'Entire Project Overiew'!$O$11 -> 29430 | I13: =I12*'Entire Project Overiew'!$O$11 -> 15260 | ... M13: =M12*'Entire Project Overiew'!$O$11 -> 3270 | N13: =SUM(B13:M13) -> 191840 | P13: Fixed Hauling Costs | Q13: =Q12*'Entire Project Overiew'!$O$11 -> 21255 | R13: =R12*'Entire Project Overiew'!$O$11 -> 17985 | S13: =S12*'Entire Project Overiew'!$O$11 -> 20165 | T13: =T12*'Entire Project Overiew'!$O$11 -> 25070 | U13: =U12*'Entire Project Overiew'!$O$11 -> 15805 | V13: =V12*'Entire Project Overiew'!$O$11 -> 21255 | W13: =W12*'Entire Project Overiew'!$O$11 -> 29430 | X13: =X12*'Entire Project Overiew'!$O$11 -> 15260 | ... AB13: =AB12*'Entire Project Overiew'!$O$11 -> 3270 | AC13: =SUM(Q13:AB13) -> 191840
A15: MSW Trash | P15: Mixed C&D
A16: Trash Sorted for Recovery | B16: 0 | C16: 0 | D16: 0 | E16: 0 | F16: 0 | G16: 0 | H16: 0 | I16: 0 | J16: 0 | K16: 0 | L16: 0 | M16: 0 | N16: =SUM(B16:M16) -> 0 | P16: Trash Sorted for Recovery | Q16: 0 | R16: 0 | S16: 0 | T16: 0 | U16: 0 | V16: 0 | W16: 0 | X16: 0 | Y16: 0 | Z16: 0 | AA16: 0 | AB16: 0 | AC16: =SUM(Q16:AB16) -> 0
A17: Total MSW Trash | B17: =B16 -> 0 | C17: =C16 -> 0 | D17: =D16 -> 0 | E17: =E16 -> 0 | F17: =F16 -> 0 | G17: =G16 -> 0 | H17: =H16 -> 0 | I17: =I16 -> 0 | ... M17: =M16 -> 0 | N17: =SUM(B17:M17) -> 0 | P17: Plastics & Plastic Packaging Materials | Q17: 0 | R17: 0 | S17: 2.07 | T17: 0 | U17: 0 | V17: 0 | W17: 0 | X17: 0 | Y17: 0 | Z17: 0 | AA17: 0 | AB17: 0 | AC17: =SUM(Q17:AB17) -> 2.07
A18: Total MSW Trash Costs | B18: =B17*'Entire Project Overiew'!$R$11 -> 0 | C18: =C17*'Entire Project Overiew'!$R$11 -> 0 | D18: =D17*'Entire Project Overiew'!$R$11 -> 0 | E18: =E17*'Entire Project Overiew'!$R$11 -> 0 | F18: =F17*'Entire Project Overiew'!$R$11 -> 0 | G18: =G17*'Entire Project Overiew'!$R$11 -> 0 | H18: =H17*'Entire Project Overiew'!$R$11 -> 0 | I18: =I17*'Entire Project Overiew'!$R$11 -> 0 | ... M18: =M17*'Entire Project Overiew'!$R$11 -> 0 | N18: =SUM(B18:M18) -> 0 | P18: Compost | Q18: 0 | R18: 0 | S18: 0.75 | T18: 0 | U18: 0 | V18: 0 | W18: 0 | X18: 0 | Y18: 0 | Z18: 0 | AA18: 0 | AB18: 0 | AC18: =SUM(Q18:AB18) -> 0.75
P19: Miscellaneous Debris | Q19: 0 | R19: 0 | S19: 0 | T19: 0 | U19: 0 | V19: 0 | W19: 0 | X19: 0 | Y19: 0 | Z19: 0 | AA19: 0 | AB19: 0 | AC19: =SUM(Q19:AB19) -> 0
A20: Recycling | P20: Alternate Daily Cover (ADC) | Q20: 24.43 | R20: 17.66 | S20: 12.33 | T20: 28.007 | U20: 5.93 | V20: 18.3404 | W20: 35.3696 | X20: 26.6619 | Y20: 13.2152 | Z20: 13.0173 | AA20: 18.6604 | AB20: 3.8268 | AC20: =SUM(Q20:AB20) -> 217.4486
A21: Plastics & Plastic Packaging Materials | B21: 0 | C21: 0 | D21: 2.07 | E21: 0 | F21: 0 | G21: 0 | H21: 0 | I21: 0 | J21: 0 | K21: 0 | L21: 0 | M21: 0 | N21: =SUM(B21:M21) -> 2.07 | P21: Mixed Recyclables | Q21: 19.84 | R21: 14.32 | S21: 10.18 | T21: 22.73 | U21: 4.81 | V21: 14.8662 | W21: 28.6564 | X21: 21.6019 | Y21: 10.7069 | Z21: 10.5465 | AA21: 15.0558 | AB21: 3.1006 | AC21: =SUM(Q21:AB21) -> 176.4143
A22: Total Recycling | B22: =B21 -> 0 | C22: =C21 -> 0 | D22: =D21 -> 2.07 | E22: =E21 -> 0 | F22: =F21 -> 0 | G22: =G21 -> 0 | H22: =H21 -> 0 | I22: =I21 -> 0 | ... M22: =M21 -> 0 | N22: =SUM(B22:M22) -> 2.07 | P22: Waste (Trash) | Q22: 20.05 | R22: 14.46 | S22: 8.45 | T22: 22.9 | U22: 4.86 | V22: 15.0126 | W22: 28.9539 | X22: 21.826 | Y22: 10.8181 | Z22: 10.6561 | AA22: 15.1337 | AB22: 3.1326 | AC22: =SUM(Q22:AB22) -> 176.253
A23: Total Recycling Costs | B23: =B22*'Entire Project Overiew'!$R$12 -> 0 | C23: =C22*'Entire Project Overiew'!$R$12 -> 0 | D23: =D22*'Entire Project Overiew'!$R$12 -> 207 | E23: =E22*'Entire Project Overiew'!$R$12 -> 0 | F23: =F22*'Entire Project Overiew'!$R$12 -> 0 | G23: =G22*'Entire Project Overiew'!$R$12 -> 0 | H23: =H22*'Entire Project Overiew'!$R$12 -> 0 | I23: =I22*'Entire Project Overiew'!$R$12 -> 0 | ... M23: =M22*'Entire Project Overiew'!$R$12 -> 0 | N23: =SUM(B23:M23) -> 207 | P23: Wood - Clean | Q23: 12.47 | R23: 0.9 | S23: 5.82 | T23: 26.26 | U23: 78.94 | V23: 64.74 | W23: 29.13 | X23: 16.46 | Y23: 6.45 | Z23: 8.33 | AA23: 0 | AB23: 4.43 | AC23: =SUM(Q23:AB23) -> 253.93
P24: Drywall - Demo & painted | Q24: 0 | R24: 0 | S24: 9.67 | T24: 4.95 | U24: 0 | V24: 0 | W24: 0 | X24: 0 | Y24: 0 | Z24: 0 | AA24: 0 | AB24: 0 | AC24: =SUM(Q24:AB24) -> 14.62
A25: Compost | P25: Drywall - Clean/Unpainted | Q25: 42.72 | R25: 60.02 | S25: 67.84 | T25: 32.32 | U25: 31.5 | V25: 34.95 | W25: 10.8 | X25: 0 | Y25: 0 | Z25: 0 | AA25: 0 | AB25: 0 | AC25: =SUM(Q25:AB25) -> 280.15
A26: Compost | B26: 0 | C26: 0 | D26: 0.75 | E26: 0 | F26: 0 | G26: 0 | H26: 0 | I26: 0 | J26: 0 | K26: 0 | L26: 0 | M26: 0 | N26: =SUM(B26:M26) -> 0.75 | P26: Asphalt - Pavement & Grinding | Q26: 0 | R26: 0 | S26: 0 | T26: 21.42 | U26: 2.5 | V26: 46.1709 | W26: 271.0706 | X26: 9.85 | Y26: 0 | Z26: 0 | AA26: 0 | AB26: 0 | AC26: =SUM(Q26:AB26) -> 351.0115
A27: Total Compost | B27: =B26 -> 0 | C27: =C26 -> 0 | D27: =D26 -> 0.75 | E27: =E26 -> 0 | F27: =F26 -> 0 | G27: =G26 -> 0 | H27: =H26 -> 0 | I27: =I26 -> 0 | ... M27: =M26 -> 0 | N27: =SUM(B27:M27) -> 0.75 | P27: Concrete | Q27: 12.32 | R27: 47.66 | S27: 85.75 | T27: 67.49 | U27: 3.2 | V27: 64.1707 | W27: 112.749 | X27: 8 | Y27: 19.92 | Z27: 0 | AA27: 0 | AB27: 0 | AC27: =SUM(Q27:AB27) -> 421.2597
A28: Total Compost Costs | B28: =B27*'Entire Project Overiew'!$R$13 -> 0 | C28: =C27*'Entire Project Overiew'!$R$13 -> 0 | D28: =D27*'Entire Project Overiew'!$R$13 -> 75 | E28: =E27*'Entire Project Overiew'!$R$13 -> 0 | F28: =F27*'Entire Project Overiew'!$R$13 -> 0 | G28: =G27*'Entire Project Overiew'!$R$13 -> 0 | H28: =H27*'Entire Project Overiew'!$R$13 -> 0 | I28: =I27*'Entire Project Overiew'!$R$13 -> 0 | ... M28: =M27*'Entire Project Overiew'!$R$13 -> 0 | N28: =SUM(B28:M28) -> 75 | P28: Dirt/Soil-Clean Fill | Q28: 0 | R28: 0 | S28: 0 | T28: 0 | U28: 0 | V28: 0 | W28: 0 | X28: 0 | Y28: 0 | Z28: 0 | AA28: 0 | AB28: 0 | AC28: =SUM(Q28:AB28) -> 0
P29: Metal | Q29: 0 | R29: 0 | S29: 0.001 | T29: 0 | U29: 121.94 | V29: 0 | W29: 0 | X29: 0 | Y29: 0 | Z29: 0 | AA29: 0 | AB29: 0 | AC29: =SUM(Q29:AB29) -> 121.941
A30: Mixed C&D | P30: Cardboard & Paper Products | Q30: 4.149 | R30: 0 | S30: 0 | T30: 0 | U30: 0 | V30: 0 | W30: 0 | X30: 0 | Y30: 0 | Z30: 0 | AA30: 0 | AB30: 0 | AC30: =SUM(Q30:AB30) -> 4.149
A31: Miscellaneous Debris | B31: 0 | C31: 0 | D31: 0 | E31: 0 | F31: 0 | G31: 0 | H31: 0 | I31: 0 | J31: 0 | K31: 0 | L31: 0 | M31: 0 | N31: =SUM(B31:M31) -> 0 | P31: Total Mixed C&D | Q31: =SUM(Q16:Q30) -> 135.979 | R31: =SUM(R16:R30) -> 155.02 | S31: =SUM(S16:S30) -> 202.861 | T31: =SUM(T16:T30) -> 226.077 | U31: =SUM(U16:U30) -> 253.68 | V31: =SUM(V16:V30) -> 258.2508 | W31: =SUM(W16:W30) -> 516.7295 | X31: =SUM(X16:X30) -> 104.3998 | ... AB31: =SUM(AB16:AB30) -> 14.49 | AC31: =SUM(Q31:AB31) -> 2019.9971
A32: Alternate Daily Cover (ADC) | B32: 24.43 | C32: 17.66 | D32: 12.33 | E32: 28.007 | F32: 5.93 | G32: 18.3404 | H32: 35.3696 | I32: 26.6619 | J32: 13.2152 | K32: 13.0173 | L32: 18.6604 | M32: 3.8268 | N32: =SUM(B32:M32) -> 217.4486 | P32: Total Mixed C&D Costs | Q32: =Q31*'Entire Project Overiew'!$R$15 -> 13597.9 | R32: =R31*'Entire Project Overiew'!$R$15 -> 15502 | S32: =S31*'Entire Project Overiew'!$R$15 -> 20286.1 | T32: =T31*'Entire Project Overiew'!$R$15 -> 22607.7 | U32: =U31*'Entire Project Overiew'!$R$15 -> 25368 | V32: =V31*'Entire Project Overiew'!$R$15 -> 25825.08 | W32: =W31*'Entire Project Overiew'!$R$15 -> 51672.95 | X32: =X31*'Entire Project Overiew'!$R$15 -> 10439.98 | ... AB32: =AB31*'Entire Project Overiew'!$R$15 -> 1449 | AC32: =SUM(Q32:AB32) -> 201999.71
A33: Mixed Recyclables | B33: 19.84 | C33: 14.32 | D33: 10.18 | E33: 22.73 | F33: 4.81 | G33: 14.8662 | H33: 28.6564 | I33: 21.6019 | J33: 10.7069 | K33: 10.5465 | L33: 15.0558 | M33: 3.1006 | N33: =SUM(B33:M33) -> 176.4143
A34: Waste (Trash) | B34: 20.05 | C34: 14.46 | D34: 8.45 | E34: 22.9 | F34: 4.86 | G34: 15.0126 | H34: 28.9539 | I34: 21.826 | J34: 10.8181 | K34: 10.6561 | L34: 15.1337 | M34: 3.1326 | N34: =SUM(B34:M34) -> 176.253 | P34: TOTAL COSTS
A35: Total Mixed C&D | B35: =SUM(B31:B34) -> 64.32 | C35: =SUM(C31:C34) -> 46.44 | D35: =SUM(D31:D34) -> 30.96 | E35: =SUM(E31:E34) -> 73.637 | F35: =SUM(F31:F34) -> 15.6 | G35: =SUM(G31:G34) -> 48.2192 | H35: =SUM(H31:H34) -> 92.9799 | I35: =SUM(I31:I34) -> 70.0898 | ... M35: =SUM(M31:M34) -> 10.06 | N35: =SUM(B35:M35) -> 570.1159 | P35: Total Variable Costs | Q35: =Q32 -> 13597.9 | R35: =R32 -> 15502 | S35: =S32 -> 20286.1 | T35: =T32 -> 22607.7 | U35: =U32 -> 25368 | V35: =V32 -> 25825.08 | W35: =W32 -> 51672.95 | X35: =X32 -> 10439.98 | ... AB35: =AB32 -> 1449 | AC35: =SUM(Q35:AB35) -> 201999.71
A36: Total Mixed C&D Costs | B36: =B35*'Entire Project Overiew'!$R$15 -> 6432 | C36: =C35*'Entire Project Overiew'!$R$15 -> 4644 | D36: =D35*'Entire Project Overiew'!$R$15 -> 3096 | E36: =E35*'Entire Project Overiew'!$R$15 -> 7363.7 | F36: =F35*'Entire Project Overiew'!$R$15 -> 1560 | G36: =G35*'Entire Project Overiew'!$R$15 -> 4821.92 | H36: =H35*'Entire Project Overiew'!$R$15 -> 9297.99 | I36: =I35*'Entire Project Overiew'!$R$15 -> 7008.98 | ... M36: =M35*'Entire Project Overiew'!$R$15 -> 1006 | N36: =SUM(B36:M36) -> 57011.59 | P36: Total Fixed Costs | Q36: =Q13 -> 21255 | R36: =R13 -> 17985 | S36: =S13 -> 20165 | T36: =T13 -> 25070 | U36: =U13 -> 15805 | V36: =V13 -> 21255 | W36: =W13 -> 29430 | X36: =X13 -> 15260 | ... AB36: =AB13 -> 3270 | AC36: =SUM(Q36:AB36) -> 191840
P37: Total Costs | Q37: =SUM(Q35:Q36) -> 34852.9 | R37: =SUM(R35:R36) -> 33487 | S37: =SUM(S35:S36) -> 40451.1 | T37: =SUM(T35:T36) -> 47677.7 | U37: =SUM(U35:U36) -> 41173 | V37: =SUM(V35:V36) -> 47080.08 | W37: =SUM(W35:W36) -> 81102.95 | X37: =SUM(X35:X36) -> 25699.98 | ... AB37: =SUM(AB35:AB36) -> 4719 | AC37: =SUM(Q37:AB37) -> 393839.71
A38: Wood
A39: Wood - Clean | B39: 12.47 | C39: 0.9 | D39: 5.82 | E39: 26.26 | F39: 78.94 | G39: 64.74 | H39: 29.13 | I39: 16.46 | J39: 6.45 | K39: 8.33 | L39: 0 | M39: 4.43 | N39: =SUM(B39:M39) -> 253.93
A40: Total Wood | B40: =B39 -> 12.47 | C40: =C39 -> 0.9 | D40: =D39 -> 5.82 | E40: =E39 -> 26.26 | F40: =F39 -> 78.94 | G40: =G39 -> 64.74 | H40: =H39 -> 29.13 | I40: =I39 -> 16.46 | ... M40: =M39 -> 4.43 | N40: =SUM(B40:M40) -> 253.93
A41: Total Wood Costs | B41: =B40*'Entire Project Overiew'!$R$16 -> 1059.95 | C41: =C40*'Entire Project Overiew'!$R$16 -> 76.5 | D41: =D40*'Entire Project Overiew'!$R$16 -> 494.7 | E41: =E40*'Entire Project Overiew'!$R$16 -> 2232.1 | F41: =F40*'Entire Project Overiew'!$R$16 -> 6709.9 | G41: =G40*'Entire Project Overiew'!$R$16 -> 5502.9 | H41: =H40*'Entire Project Overiew'!$R$16 -> 2476.05 | I41: =I40*'Entire Project Overiew'!$R$16 -> 1399.1 | ... M41: =M40*'Entire Project Overiew'!$R$16 -> 376.55 | N41: =SUM(B41:M41) -> 21584.05
A43: Drywall
A44: Drywall - Demo & painted | B44: 0 | C44: 0 | D44: 9.67 | E44: 4.95 | F44: 0 | G44: 0 | H44: 0 | I44: 0 | J44: 0 | K44: 0 | L44: 0 | M44: 0 | N44: =SUM(B44:M44) -> 14.62
A45: Drywall - Clean/Unpainted | B45: 42.72 | C45: 60.02 | D45: 67.84 | E45: 32.32 | F45: 31.5 | G45: 34.95 | H45: 10.8 | I45: 0 | J45: 0 | K45: 0 | L45: 0 | M45: 0 | N45: =SUM(B45:M45) -> 280.15
A46: Total Drywall | B46: =SUM(B44:B45) -> 42.72 | C46: =SUM(C44:C45) -> 60.02 | D46: =SUM(D44:D45) -> 77.51 | E46: =SUM(E44:E45) -> 37.27 | F46: =SUM(F44:F45) -> 31.5 | G46: =SUM(G44:G45) -> 34.95 | H46: =SUM(H44:H45) -> 10.8 | I46: =SUM(I44:I45) -> 0 | ... M46: =SUM(M44:M45) -> 0 | N46: =SUM(B46:M46) -> 294.77
A47: Total Drywall Costs | B47: =B46*'Entire Project Overiew'!$R$17 -> 2349.6 | C47: =C46*'Entire Project Overiew'!$R$17 -> 3301.1 | D47: =D46*'Entire Project Overiew'!$R$17 -> 4263.05 | E47: =E46*'Entire Project Overiew'!$R$17 -> 2049.85 | F47: =F46*'Entire Project Overiew'!$R$17 -> 1732.5 | G47: =G46*'Entire Project Overiew'!$R$17 -> 1922.25 | H47: =H46*'Entire Project Overiew'!$R$17 -> 594 | I47: =I46*'Entire Project Overiew'!$R$17 -> 0 | ... M47: =M46*'Entire Project Overiew'!$R$17 -> 0 | N47: =SUM(B47:M47) -> 16212.35
A49: Concrete & dirt
A50: Asphalt - Pavement & Grinding | B50: 0 | C50: 0 | D50: 0 | E50: 21.42 | F50: 2.5 | G50: 46.1709 | H50: 271.0706 | I50: 9.85 | J50: 0 | K50: 0 | L50: 0 | M50: 0 | N50: =SUM(B50:M50) -> 351.0115
A51: Concrete | B51: 12.32 | C51: 47.66 | D51: 85.75 | E51: 67.49 | F51: 3.2 | G51: 64.1707 | H51: 112.749 | I51: 8 | J51: 19.92 | K51: 0 | L51: 0 | M51: 0 | N51: =SUM(B51:M51) -> 421.2597
A52: Dirt/Soil-Clean Fill | B52: 0 | C52: 0 | D52: 0 | E52: 0 | F52: 0 | G52: 0 | H52: 0 | I52: 0 | J52: 0 | K52: 0 | L52: 0 | M52: 0 | N52: =SUM(B52:M52) -> 0
A53: Total Concrete & Dirt | B53: =SUM(B50:B52) -> 12.32 | C53: =SUM(C50:C52) -> 47.66 | D53: =SUM(D50:D52) -> 85.75 | E53: =SUM(E50:E52) -> 88.91 | F53: =SUM(F50:F52) -> 5.7 | G53: =SUM(G50:G52) -> 110.3416 | H53: =SUM(H50:H52) -> 383.8196 | I53: =SUM(I50:I52) -> 17.85 | ... M53: =SUM(M50:M52) -> 0 | N53: =SUM(B53:M53) -> 772.2712
A54: Total Concrete & Dirt costs | B54: =B53*'Entire Project Overiew'!$R$20 -> 899.36 | C54: =C53*'Entire Project Overiew'!$R$20 -> 3479.18 | D54: =D53*'Entire Project Overiew'!$R$20 -> 6259.75 | E54: =E53*'Entire Project Overiew'!$R$20 -> 6490.43 | F54: =F53*'Entire Project Overiew'!$R$20 -> 416.1 | G54: =G53*'Entire Project Overiew'!$R$20 -> 8054.9368 | H54: =H53*'Entire Project Overiew'!$R$20 -> 28018.831 | I54: =I53*'Entire Project Overiew'!$R$20 -> 1303.05 | ... M54: =M53*'Entire Project Overiew'!$R$20 -> 0 | N54: =SUM(B54:M54) -> 56375.798
A56: Metal
A57: Metal | B57: 0 | C57: 0 | D57: 0.001 | E57: 0 | F57: 121.94 | G57: 0 | H57: 0 | I57: 0 | J57: 0 | K57: 0 | L57: 0 | M57: 0 | N57: =SUM(B57:M57) -> 121.941
A58: Total Metal | B58: =B57 -> 0 | C58: =C57 -> 0 | D58: =D57 -> 0.001 | E58: =E57 -> 0 | F58: =F57 -> 121.94 | G58: =G57 -> 0 | H58: =H57 -> 0 | I58: =I57 -> 0 | ... M58: =M57 -> 0 | N58: =SUM(B58:M58) -> 121.941
A59: Total Metal Rebates | B59: {=((SUMPRODUCT( ((('Raw Data'!AF11:AF1217*-'Entire Project Overiew'!R18)>'Entire Project Overiew'!B11)* ('Raw Data'!$M$11:$M$1217=DATE(2025,7,1)))* 'Raw Data'!AF11:AF1217 ))*'Entire Project Overiew'!R18) + (COUNT( _xlfn._xlws.FILTER( 'Raw Data'!AF11:AF1217, (('Raw Data'!AF11:AF1217*-'Entire Project Overiew'!R18)>'Entire Project Overiew'!B11)* ('Raw Data'!$M$11:$M$1217=DATE(2025,7,1)) ) )*'Entire Project Overiew'!B11)} -> 0 | C59: {=((SUMPRODUCT( ((('Raw Data'!AF11:AF1217*-'Entire Project Overiew'!R18)>'Entire Project Overiew'!B11)* ('Raw Data'!$M$11:$M$1217=DATE(2025,8,1)))* 'Raw Data'!AF11:AF1217 ))*'Entire Project Overiew'!R18) + (COUNT( _xlfn._xlws.FILTER( 'Raw Data'!AF11:AF1217, (('Raw Data'!AF11:AF1217*-'Entire Project Overiew'!R18)>'Entire Project Overiew'!B11)* ('Raw Data'!$M$11:$M$1217=DATE(2025,8,1)) ) )*'Entire Project Overiew'!B11)} -> 0 | D59: {=((SUMPRODUCT( ((('Raw Data'!AF11:AF1217*-'Entire Project Overiew'!R18)>'Entire Project Overiew'!B11)* ('Raw Data'!$M$11:$M$1217=DATE(2025,9,1)))* 'Raw Data'!AF11:AF1217 ))*'Entire Project Overiew'!R18) + (COUNT( _xlfn._xlws.FILTER( 'Raw Data'!AF11:AF1217, (('Raw Data'!AF11:AF1217*-'Entire Project Overiew'!R18)>'Entire Project Overiew'!B11)* ('Raw Data'!$M$11:$M$1217=DATE(2025,9,1)) ) )*'Entire Project Overiew'!B11)} -> 0 | E59: {=((SUMPRODUCT( ((('Raw Data'!AF11:AF1217*-'Entire Project Overiew'!R18)>'Entire Project Overiew'!B11)* ('Raw Data'!$M$11:$M$1217=DATE(2025,10,1)))* 'Raw Data'!AF11:AF1217 ))*'Entire Project Overiew'!R18) + (COUNT( _xlfn._xlws.FILTER( 'Raw Data'!AF11:AF1217, (('Raw Data'!AF11:AF1217*-'Entire Project Overiew'!R18)>'Entire Project Overiew'!B11)* ('Raw Data'!$M$11:$M$1217=DATE(2025,10,1)) ) )*'Entire Project Overiew'!B11)} -> 0 | F59: {=((SUMPRODUCT( ((('Raw Data'!AF11:AF1217*-'Entire Project Overiew'!R18)>'Entire Project Overiew'!B11)* ('Raw Data'!$M$11:$M$1217=DATE(2025,11,1)))* 'Raw Data'!AF11:AF1217 ))*'Entire Project Overiew'!R18) + (COUNT( _xlfn._xlws.FILTER( 'Raw Data'!AF11:AF1217, (('Raw Data'!AF11:AF1217*-'Entire Project Overiew'!R18)>'Entire Project Overiew'!B11)* ('Raw Data'!$M$11:$M$1217=DATE(2025,11,1)) ) )*'Entire Project Overiew'!B11)} -> -6771.4 | G59: {=((SUMPRODUCT( ((('Raw Data'!AF11:AF1217*-'Entire Project Overiew'!R18)>'Entire Project Overiew'!B11)* ('Raw Data'!$M$11:$M$1217=DATE(2025,12,1)))* 'Raw Data'!AF11:AF1217 ))*'Entire Project Overiew'!R18) + (COUNT( _xlfn._xlws.FILTER( 'Raw Data'!AF11:AF1217, (('Raw Data'!AF11:AF1217*-'Entire Project Overiew'!R18)>'Entire Project Overiew'!B11)* ('Raw Data'!$M$11:$M$1217=DATE(2025,12,1)) ) )*'Entire Project Overiew'!B11)} -> 0 | H59: {=((SUMPRODUCT( ((('Raw Data'!AF11:AF1217*-'Entire Project Overiew'!R18)>'Entire Project Overiew'!B11)* ('Raw Data'!$M$11:$M$1217=DATE(2026,1,1)))* 'Raw Data'!AF11:AF1217 ))*'Entire Project Overiew'!R18) + (COUNT( _xlfn._xlws.FILTER( 'Raw Data'!AF11:AF1217, (('Raw Data'!AF11:AF1217*-'Entire Project Overiew'!R18)>'Entire Project Overiew'!B11)* ('Raw Data'!$M$11:$M$1217=DATE(2026,1,1)) ) )*'Entire Project Overiew'!B11)} -> 0 | I59: {=((SUMPRODUCT( ((('Raw Data'!AF11:AF1217*-'Entire Project Overiew'!R18)>'Entire Project Overiew'!B11)* ('Raw Data'!$M$11:$M$1217=DATE(2026,2,1)))* 'Raw Data'!AF11:AF1217 ))*'Entire Project Overiew'!R18) + (COUNT( _xlfn._xlws.FILTER( 'Raw Data'!AF11:AF1217, (('Raw Data'!AF11:AF1217*-'Entire Project Overiew'!R18)>'Entire Project Overiew'!B11)* ('Raw Data'!$M$11:$M$1217=DATE(2026,2,1)) ) )*'Entire Project Overiew'!B11)} -> 0 | J59: {=((SUMPRODUCT( ((('Raw Data'!AF11:AF1217*-'Entire Project Overiew'!R18)>'Entire Project Overiew'!B11)* ('Raw Data'!$M$11:$M$1217=DATE(2026,3,1)))* 'Raw Data'!AF11:AF1217 ))*'Entire Project Overiew'!R18) + (COUNT( _xlfn._xlws.FILTER( 'Raw Data'!AF11:AF1217, (('Raw Data'!AF11:AF1217*-'Entire Project Overiew'!R18)>'Entire Project Overiew'!B11)* ('Raw Data'!$M$11:$M$1217=DATE(2026,3,1)) ) )*'Entire Project Overiew'!B11)} -> 0 | K59: {=((SUMPRODUCT( ((('Raw Data'!AF11:AF1217*-'Entire Project Overiew'!R18)>'Entire Project Overiew'!B11)* ('Raw Data'!$M$11:$M$1217=DATE(2026,4,1)))* 'Raw Data'!AF11:AF1217 ))*'Entire Project Overiew'!R18) + (COUNT( _xlfn._xlws.FILTER( 'Raw Data'!AF11:AF1217, (('Raw Data'!AF11:AF1217*-'Entire Project Overiew'!R18)>'Entire Project Overiew'!B11)* ('Raw Data'!$M$11:$M$1217=DATE(2026,4,1)) ) )*'Entire Project Overiew'!B11)} -> 0 | L59: {=((SUMPRODUCT( ((('Raw Data'!AF11:AF1217*-'Entire Project Overiew'!R18)>'Entire Project Overiew'!B11)* ('Raw Data'!$M$11:$M$1217=DATE(2026,5,1)))* 'Raw Data'!AF11:AF1217 ))*'Entire Project Overiew'!R18) + (COUNT( _xlfn._xlws.FILTER( 'Raw Data'!AF11:AF1217, (('Raw Data'!AF11:AF1217*-'Entire Project Overiew'!R18)>'Entire Project Overiew'!B11)* ('Raw Data'!$M$11:$M$1217=DATE(2026,5,1)) ) )*'Entire Project Overiew'!B11)} -> 0 | M59: {=((SUMPRODUCT( ((('Raw Data'!AF11:AF1217*-'Entire Project Overiew'!R18)>'Entire Project Overiew'!B11)* ('Raw Data'!$M$11:$M$1217=DATE(2026,6,1)))* 'Raw Data'!AF11:AF1217 ))*'Entire Project Overiew'!R18) + (COUNT( _xlfn._xlws.FILTER( 'Raw Data'!AF11:AF1217, (('Raw Data'!AF11:AF1217*-'Entire Project Overiew'!R18)>'Entire Project Overiew'!B11)* ('Raw Data'!$M$11:$M$1217=DATE(2026,6,1)) ) )*'Entire Project Overiew'!B11)} -> 0 | N59: =SUM(B59:M59) -> -6771.4
A61: Cardboard
A62: Cardboard & Paper Products | B62: 4.149 | C62: 0 | D62: 0 | E62: 0 | F62: 0 | G62: 0 | H62: 0 | I62: 0 | J62: 0 | K62: 0 | L62: 0 | M62: 0 | N62: =SUM(B62:M62) -> 4.149
A63: Total Cardboard | B63: =B62 -> 4.149 | C63: =C62 -> 0 | D63: =D62 -> 0 | E63: =E62 -> 0 | F63: =F62 -> 0 | G63: =G62 -> 0 | H63: =H62 -> 0 | I63: =I62 -> 0 | ... M63: =M62 -> 0 | N63: =SUM(B63:M63) -> 4.149
A64: Total Cardboard Rebates | B64: {=( SUMPRODUCT( (('Raw Data'!AB11:AB1217*-'Entire Project Overiew'!R19)>'Entire Project Overiew'!B11)* ('Raw Data'!$M$11:$M$1217=DATE(2025,7,1))* 'Raw Data'!AB11:AB1217 ) *'Entire Project Overiew'!R19 ) + ( COUNT( _xlfn._xlws.FILTER( 'Raw Data'!AB11:AB1217, (('Raw Data'!AB11:AB1217*-'Entire Project Overiew'!R19)>'Entire Project Overiew'!B11)* ('Raw Data'!$M$11:$M$1217=DATE(2025,7,1)) ) ) *'Entire Project Overiew'!B11 )} -> 0 | C64: {=( SUMPRODUCT( (('Raw Data'!AB11:AB1217*-'Entire Project Overiew'!R19)>'Entire Project Overiew'!B11)* ('Raw Data'!$M$11:$M$1217=DATE(2025,8,1))* 'Raw Data'!AB11:AB1217 ) *'Entire Project Overiew'!R19 ) + ( COUNT( _xlfn._xlws.FILTER( 'Raw Data'!AB11:AB1217, (('Raw Data'!AB11:AB1217*-'Entire Project Overiew'!R19)>'Entire Project Overiew'!B11)* ('Raw Data'!$M$11:$M$1217=DATE(2025,8,1)) ) ) *'Entire Project Overiew'!B11 )} -> 0 | D64: {=( SUMPRODUCT( (('Raw Data'!AB11:AB1217*-'Entire Project Overiew'!R19)>'Entire Project Overiew'!B11)* ('Raw Data'!$M$11:$M$1217=DATE(2025,9,1))* 'Raw Data'!AB11:AB1217 ) *'Entire Project Overiew'!R19 ) + ( COUNT( _xlfn._xlws.FILTER( 'Raw Data'!AB11:AB1217, (('Raw Data'!AB11:AB1217*-'Entire Project Overiew'!R19)>'Entire Project Overiew'!B11)* ('Raw Data'!$M$11:$M$1217=DATE(2025,9,1)) ) ) *'Entire Project Overiew'!B11 )} -> 0 | E64: {=( SUMPRODUCT( (('Raw Data'!AB11:AB1217*-'Entire Project Overiew'!R19)>'Entire Project Overiew'!B11)* ('Raw Data'!$M$11:$M$1217=DATE(2025,10,1))* 'Raw Data'!AB11:AB1217 ) *'Entire Project Overiew'!R19 ) + ( COUNT( _xlfn._xlws.FILTER( 'Raw Data'!AB11:AB1217, (('Raw Data'!AB11:AB1217*-'Entire Project Overiew'!R19)>'Entire Project Overiew'!B11)* ('Raw Data'!$M$11:$M$1217=DATE(2025,10,1)) ) ) *'Entire Project Overiew'!B11 )} -> 0 | F64: {=( SUMPRODUCT( (('Raw Data'!AB11:AB1217*-'Entire Project Overiew'!R19)>'Entire Project Overiew'!B11)* ('Raw Data'!$M$11:$M$1217=DATE(2025,11,1))* 'Raw Data'!AB11:AB1217 ) *'Entire Project Overiew'!R19 ) + ( COUNT( _xlfn._xlws.FILTER( 'Raw Data'!AB11:AB1217, (('Raw Data'!AB11:AB1217*-'Entire Project Overiew'!R19)>'Entire Project Overiew'!B11)* ('Raw Data'!$M$11:$M$1217=DATE(2025,11,1)) ) ) *'Entire Project Overiew'!B11 )} -> 0 | G64: {=( SUMPRODUCT( (('Raw Data'!AB11:AB1217*-'Entire Project Overiew'!R19)>'Entire Project Overiew'!B11)* ('Raw Data'!$M$11:$M$1217=DATE(2025,12,1))* 'Raw Data'!AB11:AB1217 ) *'Entire Project Overiew'!R19 ) + ( COUNT( _xlfn._xlws.FILTER( 'Raw Data'!AB11:AB1217, (('Raw Data'!AB11:AB1217*-'Entire Project Overiew'!R19)>'Entire Project Overiew'!B11)* ('Raw Data'!$M$11:$M$1217=DATE(2025,12,1)) ) ) *'Entire Project Overiew'!B11 )} -> 0 | H64: {=( SUMPRODUCT( (('Raw Data'!AB11:AB1217*-'Entire Project Overiew'!R19)>'Entire Project Overiew'!B11)* ('Raw Data'!$M$11:$M$1217=DATE(2026,1,1))* 'Raw Data'!AB11:AB1217 ) *'Entire Project Overiew'!R19 ) + ( COUNT( _xlfn._xlws.FILTER( 'Raw Data'!AB11:AB1217, (('Raw Data'!AB11:AB1217*-'Entire Project Overiew'!R19)>'Entire Project Overiew'!B11)* ('Raw Data'!$M$11:$M$1217=DATE(2026,1,1)) ) ) *'Entire Project Overiew'!B11 )} -> 0 | I64: {=( SUMPRODUCT( (('Raw Data'!AB11:AB1217*-'Entire Project Overiew'!R19)>'Entire Project Overiew'!B11)* ('Raw Data'!$M$11:$M$1217=DATE(2026,2,1))* 'Raw Data'!AB11:AB1217 ) *'Entire Project Overiew'!R19 ) + ( COUNT( _xlfn._xlws.FILTER( 'Raw Data'!AB11:AB1217, (('Raw Data'!AB11:AB1217*-'Entire Project Overiew'!R19)>'Entire Project Overiew'!B11)* ('Raw Data'!$M$11:$M$1217=DATE(2026,2,1)) ) ) *'Entire Project Overiew'!B11 )} -> 0 | J64: {=( SUMPRODUCT( (('Raw Data'!AB11:AB1217*-'Entire Project Overiew'!R19)>'Entire Project Overiew'!B11)* ('Raw Data'!$M$11:$M$1217=DATE(2026,3,1))* 'Raw Data'!AB11:AB1217 ) *'Entire Project Overiew'!R19 ) + ( COUNT( _xlfn._xlws.FILTER( 'Raw Data'!AB11:AB1217, (('Raw Data'!AB11:AB1217*-'Entire Project Overiew'!R19)>'Entire Project Overiew'!B11)* ('Raw Data'!$M$11:$M$1217=DATE(2026,3,1)) ) ) *'Entire Project Overiew'!B11 )} -> 0 | K64: {=( SUMPRODUCT( (('Raw Data'!AB11:AB1217*-'Entire Project Overiew'!R19)>'Entire Project Overiew'!B11)* ('Raw Data'!$M$11:$M$1217=DATE(2026,4,1))* 'Raw Data'!AB11:AB1217 ) *'Entire Project Overiew'!R19 ) + ( COUNT( _xlfn._xlws.FILTER( 'Raw Data'!AB11:AB1217, (('Raw Data'!AB11:AB1217*-'Entire Project Overiew'!R19)>'Entire Project Overiew'!B11)* ('Raw Data'!$M$11:$M$1217=DATE(2026,4,1)) ) ) *'Entire Project Overiew'!B11 )} -> 0 | L64: {=( SUMPRODUCT( (('Raw Data'!AB11:AB1217*-'Entire Project Overiew'!R19)>'Entire Project Overiew'!B11)* ('Raw Data'!$M$11:$M$1217=DATE(2026,5,1))* 'Raw Data'!AB11:AB1217 ) *'Entire Project Overiew'!R19 ) + ( COUNT( _xlfn._xlws.FILTER( 'Raw Data'!AB11:AB1217, (('Raw Data'!AB11:AB1217*-'Entire Project Overiew'!R19)>'Entire Project Overiew'!B11)* ('Raw Data'!$M$11:$M$1217=DATE(2026,5,1)) ) ) *'Entire Project Overiew'!B11 )} -> 0 | M64: {=( SUMPRODUCT( (('Raw Data'!AB11:AB1217*-'Entire Project Overiew'!R19)>'Entire Project Overiew'!B11)* ('Raw Data'!$M$11:$M$1217=DATE(2026,6,1))* 'Raw Data'!AB11:AB1217 ) *'Entire Project Overiew'!R19 ) + ( COUNT( _xlfn._xlws.FILTER( 'Raw Data'!AB11:AB1217, (('Raw Data'!AB11:AB1217*-'Entire Project Overiew'!R19)>'Entire Project Overiew'!B11)* ('Raw Data'!$M$11:$M$1217=DATE(2026,6,1)) ) ) *'Entire Project Overiew'!B11 )} -> 0 | N64: =SUM(B64:M64) -> 0
A66: TOTAL COSTS
A67: Total Variable Costs | B67: =SUM(B18,B23,B28,B36,B41,B47,B54,B59,B64) -> 10740.91 | C67: =SUM(C18,C23,C28,C36,C41,C47,C54,C59,C64) -> 11500.78 | D67: =SUM(D18,D23,D28,D36,D41,D47,D54,D59,D64) -> 14395.5 | E67: =SUM(E18,E23,E28,E36,E41,E47,E54,E59,E64) -> 18136.08 | F67: =SUM(F18,F23,F28,F36,F41,F47,F54,F59,F64) -> 3647.1 | G67: =SUM(G18,G23,G28,G36,G41,G47,G54,G59,G64) -> 20302.007 | H67: =SUM(H18,H23,H28,H36,H41,H47,H54,H59,H64) -> 40386.871 | I67: =SUM(I18,I23,I28,I36,I41,I47,I54,I59,I64) -> 9711.13 | ... M67: =SUM(M18,M23,M28,M36,M41,M47,M54,M59,M64) -> 1382.55 | N67: =SUM(B67:M67) -> 144694.39
A68: Total Fixed Costs | B68: =B13 -> 21255 | C68: =C13 -> 17985 | D68: =D13 -> 20165 | E68: =E13 -> 25070 | F68: =F13 -> 15805 | G68: =G13 -> 21255 | H68: =H13 -> 29430 | I68: =I13 -> 15260 | ... M68: =M13 -> 3270 | N68: =SUM(B68:M68) -> 191840
A69: Total Costs | B69: =SUM(B67:B68) -> 31995.91 | C69: =SUM(C67:C68) -> 29485.78 | D69: =SUM(D67:D68) -> 34560.5 | E69: =SUM(E67:E68) -> 43206.08 | F69: =SUM(F67:F68) -> 19452.1 | G69: =SUM(G67:G68) -> 41557.007 | H69: =SUM(H67:H68) -> 69816.871 | I69: =SUM(I67:I68) -> 24971.13 | ... M69: =SUM(M67:M68) -> 4652.55 | N69: =SUM(B69:M69) -> 336534.39

Sheet Reusable Bunkers
A1: COST BENEFIT ANALYSIS FOR USING REUSABLE BUNKERS
A3: Hauling Costs using wood bunkers (without TRUE) | G3: Hauling costs avoided with reusable steel bunkers (without TRUE)
A4: Wood bunkers | B4: =B6/B5 -> 20 | G4: Wood bunkers | H4: 0 | I4: * Steel bunkers were used on the project
A5: Tons of wood per bunker | B5: 5 | G5: Tons of wood per bunker | H5: 0
A6: Total wood saved (tons) | B6: 100 | G6: Total wood saved (tons) | H6: 0
A7: Hauling cost avoided | B7: =B4*'Entire Project Overiew'!$O$11 -> 10900 | C7: * $545 per haul per wood bunker | G7: Hauling cost avoided | H7: =H4*'Entire Project Overiew'!$O$11 -> 0 | I7: * Steel bunkers were sent back to be reused
A8: Disposal cost avoided | B8: =B6*'Entire Project Overiew'!$P$16 -> 8500 | C8: * $85 per ton of wood hauled | G8: Disposal cost avoided | H8: =H6*'Entire Project Overiew'!$P$16 -> 0
A9: Total hauling costs | B9: =B7+B8 -> 19400 | G9: Total hauling costs | H9: =H7+H8 -> 0
A11: Total Cost Savings using Reusable Bunkers
A12: Total Costs with reusable steel bunkers (TRUE) | D12: =H9 -> 0
A13: Total Costs with wood bunkers (without TRUE) | D13: =B9 -> 19400
A14: Total Cost Savings from source seperating** | D14: =D13-D12 -> 19400
A16: **Savings represent avoided hauling and disposal costs associated with replacing disposable wooden bunkers with reusable steel bunkers. This estimate does not account for any additional cost or premium associated with the reusable steel bunker system.

Sheet Monthly Values Cleaned
A1: Row Labels | B1: Sum of Ticket Total Tons | C1: Sum of GM Reused Tons | D1: Sum of GM Recycled Tons | E1: Sum of GM Disposed Tons | F1: Sum of GM Total Tons | G1: Sum of Alternate Daily Cover (ADC) | H1: Sum of Asphalt - Pavement & Grinding | I1: Sum of Cardboard & Paper Products | J1: Sum of Concrete | K1: Sum of Deconstructed & Reuse Items | L1: Sum of Drywall - Demo & painted | M1: Sum of Metal | N1: Sum of Mixed Recyclables | O1: Sum of Plastics & Plastic Packaging Materials | P1: Sum of Waste (Trash) | Q1: Sum of Appliances & Equipment | R1: Sum of Aritificial Grass/Synthetic Turf | S1: Sum of Asphalt - Roofing | T1: Sum of Bricks, Masonry & Stone Products | U1: Sum of Carpet & Padding | V1: Sum of Ceiling Tiles | W1: Sum of Compost | X1: Sum of Compostable Food Waste | Y1: Sum of Donated Food | Z1: Sum of Drywall - Clean/Unpainted | AA1: Sum of EPS Styrofoam | AB1: Sum of eWaste | AC1: Sum of Glass Bottles & Containers | AD1: Sum of Glass Plate or Tempered | AE1: Sum of High-Density Polyethylene (HDPE) | AF1: Sum of Miscellaneous Debris | AG1: Sum of Mixed Food Waste | AH1: Sum of Paint | AI1: Sum of Paint - oil based | AJ1: Sum of Porcelain | AK1: Sum of Trash Sorted for Recovery | AL1: Sum of Wood - Clean | AM1: Sum of Wood - Painted/Stained Recoverable | AN1: Sum of Wood - Pallets | AO1: Sum of EW Reused Tons | AP1: Sum of EW Recycled Tons | AQ1: Sum of EW Disposed Tons | AR1: Sum of EW Total Tons | AS1: Sum of Dirt/Soil-Clean Fill* | AT1: Sum of Green Waste* | AU1: Sum of Rock, Sand, Gravel & other inerts* | AV1: Sum of Haz Recycled Tons | AW1: Sum of Haz Disposed Tons | AX1: Sum of Haz Total Tons | AY1: Sum of Batteries* | AZ1: Sum of Dirt/Soil-Contaminated Non-Hazardous* | BA1: Sum of Dirt/Soil-Contaminated, Hazardous* | BB1: Sum of Dirt/Soil-Hazardous* | BC1: Sum of Fluorescent Bulbs* | BD1: Sum of Materials Containing Asbestos* | BE1: Sum of Materials with Lead-Based Paint* | BF1: Sum of Other Hazardous Waste & Materials* | BG1: Sum of PCBs - Polychlorinated Biphenyls* | BH1: Sum of Thermostats & Mercury - Containing Equipment* | BI1: Sum of Universal Waste - Other* | BJ1: Sum of Wood - Treated/Hazardous*
A2: 2022 | B2: 526.8648 | D2: 525.51 | E2: 1.3548 | F2: 526.8648 | G2: 0.7448 | J2: 511.15 | M2: 12.44 | N2: 0.61 | P2: 0.61 | AL2: 1.31
A3: Nov | B3: 515.75 | D3: 515 | E3: 0.75 | F3: 515.75 | G3: 0.41 | J3: 511.15 | M3: 3.52 | N3: 0.33 | P3: 0.34
A4: Dec | B4: 11.1148 | D4: 10.51 | E4: 0.6048 | F4: 11.1148 | G4: 0.3348 | M4: 8.92 | N4: 0.28 | P4: 0.27 | AL4: 1.31
A5: 2023 | B5: 62573.7 | D5: 3362.1722 | E5: 26.3278 | F5: 3388.5 | G5: 8.24 | J5: 3208.82 | M5: 37.82 | N5: 9.4856 | P5: 6.77 | AF5: 23.4042 | AK5: 9.1002 | AL5: 84.86 | AP5: 59185.2 | AR5: 59185.2 | AS5: 59185.2
A6: Apr | B6: 87.89 | D6: 83.2645 | E6: 4.6255 | F6: 87.89 | J6: 71.94 | AF6: 11.3245 | AK6: 4.6255
A7: May | B7: 1524.25 | D7: 1521.3065 | E7: 2.9435 | F7: 1524.25 | J7: 1499.39 | M7: 14.71 | AF7: 7.2065 | AK7: 2.9435
A8: Jun | B8: 1561.38 | D8: 1559.33 | E8: 2.05 | F8: 1561.38 | G8: 1.12 | J8: 1535.31 | M8: 23.11 | N8: 0.91 | P8: 0.93
A9: Jul | B9: 20.31 | D9: 16.5612 | E9: 3.7488 | F9: 20.31 | J9: 7.11 | AF9: 3.7488 | AK9: 1.5312 | AL9: 7.92
A10: Aug | B10: 36.77 | D10: 36.77 | F10: 36.77 | J10: 17.37 | AL10: 19.4
A11: Sep | B11: 33.94 | D11: 33.94 | F11: 33.94 | J11: 17.8 | AL11: 16.14
A12: Oct | B12: 59252.97 | D12: 67.77 | F12: 67.77 | J12: 31.34 | N12: 2.8056 | AF12: 1.1244 | AL12: 32.5 | AP12: 59185.2 | AR12: 59185.2 | AS12: 59185.2
A13: Nov | B13: 35.33 | D13: 25.65 | E13: 9.68 | F13: 35.33 | G13: 5.32 | J13: 16.32 | N13: 4.31 | P13: 4.36 | AL13: 5.02
A14: Dec | B14: 20.86 | D14: 17.58 | E14: 3.28 | F14: 20.86 | G14: 1.8 | J14: 12.24 | N14: 1.46 | P14: 1.48 | AL14: 3.88
A15: 2024 | B15: 1422.681 | D15: 1328.5605 | E15: 94.1205 | F15: 1422.681 | G15: 51.7905 | I15: 5.86 | J15: 691.48 | L15: 5.83 | M15: 67.866 | N15: 54.0816 | O15: 1.546 | P15: 42.33 | Z15: 203.83 | AF15: 0.9384 | AL15: 297.1285
A16: Jan | B16: 96.86 | D16: 90.98 | E16: 5.88 | F16: 96.86 | G16: 3.24 | J16: 47.71 | M16: 1.96 | N16: 5.5676 | P16: 2.64 | AF16: 0.9384 | AL16: 34.804
A17: Feb | B17: 81.57 | D17: 70.29 | E17: 11.28 | F17: 81.57 | G17: 6.2 | I17: 3.38 | J17: 53.9 | M17: 1.87 | N17: 5.01 | P17: 5.08 | AL17: 6.13
A18: Mar | B18: 151.505 | D18: 138.79 | E18: 12.715 | F18: 151.505 | G18: 6.985 | I18: 1.85 | J18: 87.12 | M18: 2.126 | N18: 6.504 | P18: 5.73 | AL18: 41.19
A19: Apr | B19: 37.48 | D19: 27.15 | E19: 10.33 | F19: 37.48 | G19: 5.69 | N19: 4.6 | P19: 4.64 | AL19: 22.55
A20: May | B20: 33.68 | D20: 24.41 | E20: 9.27 | F20: 33.68 | G20: 5.11 | I20: 0.63 | J20: 4.95 | N20: 4.49 | P20: 4.16 | AL20: 14.34
A21: Jun | B21: 38.11 | D21: 30.79 | E21: 7.32 | F21: 38.11 | G21: 4.04 | J21: 14.31 | N21: 3.26 | P21: 3.28 | AL21: 13.22
A22: Jul | B22: 48.72 | D22: 41.91 | E22: 6.81 | F22: 48.72 | G22: 3.74 | J22: 27.24 | N22: 3.03 | P22: 3.07 | AL22: 11.64
A23: Aug | B23: 104.45 | D23: 88.8 | E23: 15.65 | F23: 104.45 | G23: 8.6 | J23: 50.15 | L23: 5.83 | N23: 6.99 | P23: 7.05 | AL23: 25.83
A24: Sep | B24: 145.31 | D24: 140.22 | E24: 5.09 | F24: 145.31 | G24: 2.79 | J24: 74.54 | N24: 10.29 | P24: 2.3 | Z24: 14.37 | AL24: 41.02
A25: Oct | B25: 379.22 | D25: 378.23 | E25: 0.99 | F25: 379.22 | G25: 0.54 | J25: 281.26 | N25: 0.44 | P25: 0.45 | Z25: 37.1 | AL25: 59.43
A26: Nov | B26: 184.056 | D26: 182.0105 | E26: 2.0455 | F26: 184.056 | G26: 1.1355 | J26: 36.64 | M26: 61.91 | N26: 0.9 | O26: 0.846 | P26: 0.91 | Z26: 70.66 | AL26: 11.0545
A27: Dec | B27: 121.72 | D27: 114.98 | E27: 6.74 | F27: 121.72 | G27: 3.72 | J27: 13.66 | N27: 3 | O27: 0.7 | P27: 3.02 | Z27: 81.7 | AL27: 15.92
A28: 2025 | B28: 2106.8778 | D28: 1775.8542 | E28: 331.0236 | F28: 2106.8778 | G28: 182.9074 | H28: 99.5009 | I28: 4.149 | J28: 351.7307 | L28: 14.62 | M28: 126.241 | N28: 148.4762 | O28: 2.07 | P28: 148.1162 | W28: 0.75 | Z28: 724.94 | AL28: 303.3764
A29: Jan | B29: 101.6 | D29: 89.51 | E29: 12.09 | F29: 101.6 | G29: 6.64 | J29: 6.75 | N29: 5.39 | P29: 5.45 | Z29: 68.46 | AL29: 8.91
A30: Feb | B30: 126.26 | D30: 120.93 | E30: 5.33 | F30: 126.26 | G30: 2.93 | J30: 11.13 | N30: 2.38 | P30: 2.4 | Z30: 93.07 | AL30: 14.35
A31: Mar | B31: 142.84 | D31: 135.22 | E31: 7.62 | F31: 142.84 | G31: 4.21 | N31: 3.39 | P31: 3.41 | Z31: 112.39 | AL31: 19.44
A32: Apr | B32: 143 | D32: 124.17 | E32: 18.83 | F32: 143 | G32: 10.35 | J32: 7.59 | N32: 8.39 | P32: 8.48 | Z32: 90.8 | AL32: 17.39
A33: May | B33: 183.11 | D33: 155.5964 | E33: 27.5136 | F33: 183.11 | G33: 15.13 | J33: 30.1 | N33: 12.24 | P33: 12.3836 | Z33: 80.24 | AL33: 33.0164
A34: Jun | B34: 178.2 | D34: 110.99 | E34: 67.21 | F34: 178.2 | G34: 36.95 | H34: 29.41 | J34: 15.57 | M34: 4.3 | N34: 29.94 | P34: 30.26 | Z34: 10.63 | AL34: 21.14
A35: Jul | B35: 135.979 | D35: 91.499 | E35: 44.48 | F35: 135.979 | G35: 24.43 | I35: 4.149 | J35: 12.32 | N35: 19.84 | P35: 20.05 | Z35: 42.72 | AL35: 12.47
A36: Aug | B36: 155.02 | D36: 122.9 | E36: 32.12 | F36: 155.02 | G36: 17.66 | J36: 47.66 | N36: 14.32 | P36: 14.46 | Z36: 60.02 | AL36: 0.9
A37: Sep | B37: 202.861 | D37: 182.081 | E37: 20.78 | F37: 202.861 | G37: 12.33 | J37: 85.75 | L37: 9.67 | M37: 0.001 | N37: 10.18 | O37: 2.07 | P37: 8.45 | W37: 0.75 | Z37: 67.84 | AL37: 5.82
A38: Oct | B38: 226.077 | D38: 175.17 | E38: 50.907 | F38: 226.077 | G38: 28.007 | H38: 21.42 | J38: 67.49 | L38: 4.95 | N38: 22.73 | P38: 22.9 | Z38: 32.32 | AL38: 26.26
A39: Nov | B39: 253.68 | D39: 242.89 | E39: 10.79 | F39: 253.68 | G39: 5.93 | H39: 2.5 | J39: 3.2 | M39: 121.94 | N39: 4.81 | P39: 4.86 | Z39: 31.5 | AL39: 78.94
A40: Dec | B40: 258.2508 | D40: 224.8978 | E40: 33.353 | F40: 258.2508 | G40: 18.3404 | H40: 46.1709 | J40: 64.1707 | N40: 14.8662 | P40: 15.0126 | Z40: 34.95 | AL40: 64.74
A41: 2026 | B41: 788.1293 | D41: 586.8577 | E41: 201.2716 | F41: 788.1293 | G41: 110.7512 | H41: 280.9206 | J41: 140.669 | N41: 89.6681 | P41: 90.5204 | Z41: 10.8 | AL41: 64.8
A42: Jan | B42: 516.7295 | D42: 452.406 | E42: 64.3235 | F42: 516.7295 | G42: 35.3696 | H42: 271.0706 | J42: 112.749 | N42: 28.6564 | P42: 28.9539 | Z42: 10.8 | AL42: 29.13
A43: Feb | B43: 104.3998 | D43: 55.9119 | E43: 48.4879 | F43: 104.3998 | G43: 26.6619 | H43: 9.85 | J43: 8 | N43: 21.6019 | P43: 21.826 | AL43: 16.46
A44: Mar | B44: 61.1102 | D44: 37.0769 | E44: 24.0333 | F44: 61.1102 | G44: 13.2152 | J44: 19.92 | N44: 10.7069 | P44: 10.8181 | AL44: 6.45
A45: Apr | B45: 42.5499 | D45: 18.8765 | E45: 23.6734 | F45: 42.5499 | G45: 13.0173 | N45: 10.5465 | P45: 10.6561 | AL45: 8.33
A46: May | B46: 48.8499 | D46: 15.0558 | E46: 33.7941 | F46: 48.8499 | G46: 18.6604 | N46: 15.0558 | P46: 15.1337
A47: Jun | B47: 14.49 | D47: 7.5306 | E47: 6.9594 | F47: 14.49 | G47: 3.8268 | N47: 3.1006 | P47: 3.1326 | AL47: 4.43
A48: Total: | B48: 67418.253 | C48: 0 | D48: 7578.9546 | E48: 654.0983 | F48: 8233.0529 | G48: 354.4339 | H48: 380.4215 | I48: 10.009 | J48: 4903.8497 | K48: 0 | L48: 20.45 | M48: 244.367 | N48: 302.3215 | O48: 3.616 | P48: 288.3466 | Q48: 0 | R48: 0 | S48: 0 | T48: 0 | U48: 0 | V48: 0 | W48: 0.75 | X48: 0 | Y48: 0 | Z48: 939.57 | AA48: 0 | AB48: 0 | AC48: 0 | AD48: 0 | AE48: 0 | AF48: 24.3426 | AG48: 0 | AH48: 0 | AI48: 0 | AJ48: 0 | AK48: 9.1002 | AL48: 751.4749 | AM48: 0 | AN48: 0 | AO48: 0 | AP48: 59185.2 | AQ48: 0 | AR48: 59185.2 | AS48: 59185.2 | AT48: 0 | AU48: 0 | AV48: 0 | AW48: 0 | AX48: 0 | AY48: 0 | AZ48: 0 | BA48: 0 | BB48: 0 | BC48: 0 | BD48: 0 | BE48: 0 | BF48: 0 | BG48: 0 | BH48: 0 | BI48: 0 | BJ48: 0
G50: Total Values:
G51: Materials | H51: Total Amount Hauled (Tons)
G52: Alternate Daily Cover (ADC) | H52: 354.4339
G53: Asphalt - Pavement & Grinding | H53: 380.4215
G54: Cardboard & Paper Products | H54: 10.009
G55: Concrete | H55: 4903.8497
G56: Drywall - Demo & painted | H56: 20.45
G57: Metal | H57: 244.367
G58: Mixed Recyclables | H58: 302.3215
G59: Plastics & Plastic Packaging Materials | H59: 3.616
G60: Waste (Trash) | H60: 288.3466
G61: Compost | H61: 0.75
G62: Drywall - Clean/Unpainted | H62: 939.57
G63: Miscellaneous Debris | H63: 24.3426
... G66: Dirt/Soil-Clean Fill | H66: 59185.2

Sheet Monthly Break Down (Pivot Tbl)
A3: Row Labels | B3: Sum of Ticket Total Tons | C3: Sum of GM Reused Tons | D3: Sum of GM Recycled Tons | E3: Sum of GM Disposed Tons | F3: Sum of GM Total Tons | G3: Sum of Alternate Daily Cover (ADC) | H3: Sum of Asphalt - Pavement & Grinding | I3: Sum of Cardboard & Paper Products | J3: Sum of Concrete | K3: Sum of Deconstructed & Reuse Items | L3: Sum of Drywall - Demo & painted | M3: Sum of Metal | N3: Sum of Mixed Recyclables | O3: Sum of Plastics & Plastic Packaging Materials | P3: Sum of Waste (Trash) | Q3: Sum of Appliances & Equipment | R3: Sum of Aritificial Grass/Synthetic Turf | S3: Sum of Asphalt - Roofing | T3: Sum of Bricks, Masonry & Stone Products | U3: Sum of Carpet & Padding | V3: Sum of Ceiling Tiles | W3: Sum of Compost | X3: Sum of Compostable Food Waste | Y3: Sum of Donated Food | Z3: Sum of Drywall - Clean/Unpainted | AA3: Sum of EPS Styrofoam | AB3: Sum of eWaste | AC3: Sum of Glass Bottles & Containers | AD3: Sum of Glass Plate or Tempered | AE3: Sum of High-Density Polyethylene (HDPE) | AF3: Sum of Miscellaneous Debris | AG3: Sum of Mixed Food Waste | AH3: Sum of Paint | AI3: Sum of Paint - oil based | AJ3: Sum of Porcelain | AK3: Sum of Trash Sorted for Recovery | AL3: Sum of Wood - Clean | AM3: Sum of Wood - Painted/Stained Recoverable | AN3: Sum of Wood - Pallets | AO3: Sum of EW Reused Tons | AP3: Sum of EW Recycled Tons | AQ3: Sum of EW Disposed Tons | AR3: Sum of EW Total Tons | AS3: Sum of Dirt/Soil-Clean Fill* | AT3: Sum of Green Waste* | AU3: Sum of Rock, Sand, Gravel & other inerts* | AV3: Sum of Haz Recycled Tons | AW3: Sum of Haz Disposed Tons | AX3: Sum of Haz Total Tons | AY3: Sum of Batteries* | AZ3: Sum of Dirt/Soil-Contaminated Non-Hazardous* | BA3: Sum of Dirt/Soil-Contaminated, Hazardous* | BB3: Sum of Dirt/Soil-Hazardous* | BC3: Sum of Fluorescent Bulbs* | BD3: Sum of Materials Containing Asbestos* | BE3: Sum of Materials with Lead-Based Paint* | BF3: Sum of Other Hazardous Waste & Materials* | BG3: Sum of PCBs - Polychlorinated Biphenyls* | BH3: Sum of Thermostats & Mercury - Containing Equipment* | BI3: Sum of Universal Waste - Other* | BJ3: Sum of Wood - Treated/Hazardous*
A4: <11/1/22 | B4: 67418.253 | C4: 0 | D4: 7578.9546 | E4: 654.0983 | F4: 8233.0529 | G4: 708.8678 | H4: 760.843 | I4: 20.018 | J4: 9807.6994 | K4: 0 | L4: 40.9 | M4: 488.734 | N4: 604.643 | O4: 7.232 | P4: 576.6932 | Q4: 0 | R4: 0 | S4: 0 | T4: 0 | U4: 0 | V4: 0 | W4: 1.5 | X4: 0 | Y4: 0 | Z4: 1879.14 | AA4: 0 | AB4: 0 | AC4: 0 | AD4: 0 | AE4: 0 | AF4: 48.6852 | AG4: 0 | AH4: 0 | AI4: 0 | AJ4: 0 | AK4: 18.2004 | AL4: 1502.9498 | AM4: 0 | AN4: 0 | AO4: 0 | AP4: 59185.2 | AQ4: 0 | AR4: 59185.2 | AS4: 118370.4 | AT4: 0 | AU4: 0 | AV4: 0 | AW4: 0 | AX4: 0 | AY4: 0 | AZ4: 0 | BA4: 0 | BB4: 0 | BC4: 0 | BD4: 0 | BE4: 0 | BF4: 0 | BG4: 0 | BH4: 0 | BI4: 0 | BJ4: 0
A5: 2022 | B5: 526.8648 | D5: 525.51 | E5: 1.3548 | F5: 526.8648 | G5: 0.7448 | J5: 511.15 | M5: 12.44 | N5: 0.61 | P5: 0.61 | AL5: 1.31
A6: Nov | B6: 515.75 | D6: 515 | E6: 0.75 | F6: 515.75 | G6: 0.41 | J6: 511.15 | M6: 3.52 | N6: 0.33 | P6: 0.34
A7: Dec | B7: 11.1148 | D7: 10.51 | E7: 0.6048 | F7: 11.1148 | G7: 0.3348 | M7: 8.92 | N7: 0.28 | P7: 0.27 | AL7: 1.31
A8: 2023 | B8: 62573.7 | D8: 3362.1722 | E8: 26.3278 | F8: 3388.5 | G8: 8.24 | J8: 3208.82 | M8: 37.82 | N8: 9.4856 | P8: 6.77 | AF8: 23.4042 | AK8: 9.1002 | AL8: 84.86 | AP8: 59185.2 | AR8: 59185.2 | AS8: 59185.2
A9: Apr | B9: 87.89 | D9: 83.2645 | E9: 4.6255 | F9: 87.89 | J9: 71.94 | AF9: 11.3245 | AK9: 4.6255
A10: May | B10: 1524.25 | D10: 1521.3065 | E10: 2.9435 | F10: 1524.25 | J10: 1499.39 | M10: 14.71 | AF10: 7.2065 | AK10: 2.9435
A11: Jun | B11: 1561.38 | D11: 1559.33 | E11: 2.05 | F11: 1561.38 | G11: 1.12 | J11: 1535.31 | M11: 23.11 | N11: 0.91 | P11: 0.93
A12: Jul | B12: 20.31 | D12: 16.5612 | E12: 3.7488 | F12: 20.31 | J12: 7.11 | AF12: 3.7488 | AK12: 1.5312 | AL12: 7.92
A13: Aug | B13: 36.77 | D13: 36.77 | F13: 36.77 | J13: 17.37 | AL13: 19.4
A14: Sep | B14: 33.94 | D14: 33.94 | F14: 33.94 | J14: 17.8 | AL14: 16.14
A15: Oct | B15: 59252.97 | D15: 67.77 | F15: 67.77 | J15: 31.34 | N15: 2.8056 | AF15: 1.1244 | AL15: 32.5 | AP15: 59185.2 | AR15: 59185.2 | AS15: 59185.2
A16: Nov | B16: 35.33 | D16: 25.65 | E16: 9.68 | F16: 35.33 | G16: 5.32 | J16: 16.32 | N16: 4.31 | P16: 4.36 | AL16: 5.02
A17: Dec | B17: 20.86 | D17: 17.58 | E17: 3.28 | F17: 20.86 | G17: 1.8 | J17: 12.24 | N17: 1.46 | P17: 1.48 | AL17: 3.88
A18: 2024 | B18: 1422.681 | D18: 1328.5605 | E18: 94.1205 | F18: 1422.681 | G18: 51.7905 | I18: 5.86 | J18: 691.48 | L18: 5.83 | M18: 67.866 | N18: 54.0816 | O18: 1.546 | P18: 42.33 | Z18: 203.83 | AF18: 0.9384 | AL18: 297.1285
A19: Jan | B19: 96.86 | D19: 90.98 | E19: 5.88 | F19: 96.86 | G19: 3.24 | J19: 47.71 | M19: 1.96 | N19: 5.5676 | P19: 2.64 | AF19: 0.9384 | AL19: 34.804
A20: Feb | B20: 81.57 | D20: 70.29 | E20: 11.28 | F20: 81.57 | G20: 6.2 | I20: 3.38 | J20: 53.9 | M20: 1.87 | N20: 5.01 | P20: 5.08 | AL20: 6.13
A21: Mar | B21: 151.505 | D21: 138.79 | E21: 12.715 | F21: 151.505 | G21: 6.985 | I21: 1.85 | J21: 87.12 | M21: 2.126 | N21: 6.504 | P21: 5.73 | AL21: 41.19
A22: Apr | B22: 37.48 | D22: 27.15 | E22: 10.33 | F22: 37.48 | G22: 5.69 | N22: 4.6 | P22: 4.64 | AL22: 22.55
A23: May | B23: 33.68 | D23: 24.41 | E23: 9.27 | F23: 33.68 | G23: 5.11 | I23: 0.63 | J23: 4.95 | N23: 4.49 | P23: 4.16 | AL23: 14.34
A24: Jun | B24: 38.11 | D24: 30.79 | E24: 7.32 | F24: 38.11 | G24: 4.04 | J24: 14.31 | N24: 3.26 | P24: 3.28 | AL24: 13.22
A25: Jul | B25: 48.72 | D25: 41.91 | E25: 6.81 | F25: 48.72 | G25: 3.74 | J25: 27.24 | N25: 3.03 | P25: 3.07 | AL25: 11.64
A26: Aug | B26: 104.45 | D26: 88.8 | E26: 15.65 | F26: 104.45 | G26: 8.6 | J26: 50.15 | L26: 5.83 | N26: 6.99 | P26: 7.05 | AL26: 25.83
A27: Sep | B27: 145.31 | D27: 140.22 | E27: 5.09 | F27: 145.31 | G27: 2.79 | J27: 74.54 | N27: 10.29 | P27: 2.3 | Z27: 14.37 | AL27: 41.02
A28: Oct | B28: 379.22 | D28: 378.23 | E28: 0.99 | F28: 379.22 | G28: 0.54 | J28: 281.26 | N28: 0.44 | P28: 0.45 | Z28: 37.1 | AL28: 59.43
A29: Nov | B29: 184.056 | D29: 182.0105 | E29: 2.0455 | F29: 184.056 | G29: 1.1355 | J29: 36.64 | M29: 61.91 | N29: 0.9 | O29: 0.846 | P29: 0.91 | Z29: 70.66 | AL29: 11.0545
A30: Dec | B30: 121.72 | D30: 114.98 | E30: 6.74 | F30: 121.72 | G30: 3.72 | J30: 13.66 | N30: 3 | O30: 0.7 | P30: 3.02 | Z30: 81.7 | AL30: 15.92
A31: 2025 | B31: 2106.8778 | D31: 1775.8542 | E31: 331.0236 | F31: 2106.8778 | G31: 182.9074 | H31: 99.5009 | I31: 4.149 | J31: 351.7307 | L31: 14.62 | M31: 126.241 | N31: 148.4762 | O31: 2.07 | P31: 148.1162 | W31: 0.75 | Z31: 724.94 | AL31: 303.3764
A32: Jan | B32: 101.6 | D32: 89.51 | E32: 12.09 | F32: 101.6 | G32: 6.64 | J32: 6.75 | N32: 5.39 | P32: 5.45 | Z32: 68.46 | AL32: 8.91
A33: Feb | B33: 126.26 | D33: 120.93 | E33: 5.33 | F33: 126.26 | G33: 2.93 | J33: 11.13 | N33: 2.38 | P33: 2.4 | Z33: 93.07 | AL33: 14.35
A34: Mar | B34: 142.84 | D34: 135.22 | E34: 7.62 | F34: 142.84 | G34: 4.21 | N34: 3.39 | P34: 3.41 | Z34: 112.39 | AL34: 19.44
A35: Apr | B35: 143 | D35: 124.17 | E35: 18.83 | F35: 143 | G35: 10.35 | J35: 7.59 | N35: 8.39 | P35: 8.48 | Z35: 90.8 | AL35: 17.39
A36: May | B36: 183.11 | D36: 155.5964 | E36: 27.5136 | F36: 183.11 | G36: 15.13 | J36: 30.1 | N36: 12.24 | P36: 12.3836 | Z36: 80.24 | AL36: 33.0164
A37: Jun | B37: 178.2 | D37: 110.99 | E37: 67.21 | F37: 178.2 | G37: 36.95 | H37: 29.41 | J37: 15.57 | M37: 4.3 | N37: 29.94 | P37: 30.26 | Z37: 10.63 | AL37: 21.14
A38: Jul | B38: 135.979 | D38: 91.499 | E38: 44.48 | F38: 135.979 | G38: 24.43 | I38: 4.149 | J38: 12.32 | N38: 19.84 | P38: 20.05 | Z38: 42.72 | AL38: 12.47
A39: Aug | B39: 155.02 | D39: 122.9 | E39: 32.12 | F39: 155.02 | G39: 17.66 | J39: 47.66 | N39: 14.32 | P39: 14.46 | Z39: 60.02 | AL39: 0.9
A40: Sep | B40: 202.861 | D40: 182.081 | E40: 20.78 | F40: 202.861 | G40: 12.33 | J40: 85.75 | L40: 9.67 | M40: 0.001 | N40: 10.18 | O40: 2.07 | P40: 8.45 | W40: 0.75 | Z40: 67.84 | AL40: 5.82
A41: Oct | B41: 226.077 | D41: 175.17 | E41: 50.907 | F41: 226.077 | G41: 28.007 | H41: 21.42 | J41: 67.49 | L41: 4.95 | N41: 22.73 | P41: 22.9 | Z41: 32.32 | AL41: 26.26
A42: Nov | B42: 253.68 | D42: 242.89 | E42: 10.79 | F42: 253.68 | G42: 5.93 | H42: 2.5 | J42: 3.2 | M42: 121.94 | N42: 4.81 | P42: 4.86 | Z42: 31.5 | AL42: 78.94
A43: Dec | B43: 258.2508 | D43: 224.8978 | E43: 33.353 | F43: 258.2508 | G43: 18.3404 | H43: 46.1709 | J43: 64.1707 | N43: 14.8662 | P43: 15.0126 | Z43: 34.95 | AL43: 64.74
A44: 2026 | B44: 788.1293 | D44: 586.8577 | E44: 201.2716 | F44: 788.1293 | G44: 110.7512 | H44: 280.9206 | J44: 140.669 | N44: 89.6681 | P44: 90.5204 | Z44: 10.8 | AL44: 64.8
A45: Jan | B45: 516.7295 | D45: 452.406 | E45: 64.3235 | F45: 516.7295 | G45: 35.3696 | H45: 271.0706 | J45: 112.749 | N45: 28.6564 | P45: 28.9539 | Z45: 10.8 | AL45: 29.13
A46: Feb | B46: 104.3998 | D46: 55.9119 | E46: 48.4879 | F46: 104.3998 | G46: 26.6619 | H46: 9.85 | J46: 8 | N46: 21.6019 | P46: 21.826 | AL46: 16.46
A47: Mar | B47: 61.1102 | D47: 37.0769 | E47: 24.0333 | F47: 61.1102 | G47: 13.2152 | J47: 19.92 | N47: 10.7069 | P47: 10.8181 | AL47: 6.45
A48: Apr | B48: 42.5499 | D48: 18.8765 | E48: 23.6734 | F48: 42.5499 | G48: 13.0173 | N48: 10.5465 | P48: 10.6561 | AL48: 8.33
A49: May | B49: 48.8499 | D49: 15.0558 | E49: 33.7941 | F49: 48.8499 | G49: 18.6604 | N49: 15.0558 | P49: 15.1337
A50: Jun | B50: 14.49 | D50: 7.5306 | E50: 6.9594 | F50: 14.49 | G50: 3.8268 | N50: 3.1006 | P50: 3.1326 | AL50: 4.43
A51: Grand Total | B51: 134836.51 | C51: 0 | D51: 15157.909 | E51: 1308.1966 | F51: 16466.106 | G51: 1063.3017 | H51: 1141.2645 | I51: 30.027 | J51: 14711.549 | K51: 0 | L51: 61.35 | M51: 733.101 | N51: 906.9645 | O51: 10.848 | P51: 865.0398 | Q51: 0 | R51: 0 | S51: 0 | T51: 0 | U51: 0 | V51: 0 | W51: 2.25 | X51: 0 | Y51: 0 | Z51: 2818.71 | AA51: 0 | AB51: 0 | AC51: 0 | AD51: 0 | AE51: 0 | AF51: 73.0278 | AG51: 0 | AH51: 0 | AI51: 0 | AJ51: 0 | AK51: 27.3006 | AL51: 2254.4247 | AM51: 0 | AN51: 0 | AO51: 0 | AP51: 118370.4 | AQ51: 0 | AR51: 118370.4 | AS51: 177555.6 | AT51: 0 | AU51: 0 | AV51: 0 | AW51: 0 | AX51: 0 | AY51: 0 | AZ51: 0 | BA51: 0 | BB51: 0 | BC51: 0 | BD51: 0 | BE51: 0 | BF51: 0 | BG51: 0 | BH51: 0 | BI51: 0 | BJ51: 0
A52: Total: | B52: =SUM(B44,B31,B18,B8,B5) -> 67418.253 | C52: =SUM(C44,C31,C18,C8,C5) -> 0 | D52: =SUM(D44,D31,D18,D8,D5) -> 7578.9546 | E52: =SUM(E44,E31,E18,E8,E5) -> 654.0983 | F52: =SUM(F44,F31,F18,F8,F5) -> 8233.0529 | G52: =SUM(G44,G31,G18,G8,G5) -> 354.4339 | H52: =SUM(H44,H31,H18,H8,H5) -> 380.4215 | I52: =SUM(I44,I31,I18,I8,I5) -> 10.009 | ... BJ52: =SUM(BJ44,BJ31,BJ18,BJ8,BJ5) -> 0

Sheet Raw Data
A2: Added Summary information with cells to reference
B3: Tons Reported | C3: Diversion %
A4: General Materials: | B4: =Y9 -> 8233.0529 | C4: =R9 -> 0.92055216
A5: Earthwork Materials: | B5: =BO9 -> 59185.2 | C5: =BH9 -> 1
A6: Hazardous Materials: | B6: =BZ9 -> 0 | C6: =BS9 -> 0
R7: General Material Diversion | V7: General Material Tonnage | Z7: General Materials | BH7: Earthwork Material Diversion | BL7: Earthwork Material Tonnage | BP7: Earthwork Materials | BS7: Hazardous Material Diversion | BW7: Hazardous Material Tons | CA7: Hazardous Materials
